,id,B,S,0,1,2,3,4,5,6,7,8,9
0,0,5,0,0.47,0.64,0.79,0.9,0.96,1.0,1.0,1.0,1.0,1.0
1,1,3,3,0.56,0.89,0.99,1.0,1.0,1.0,1.0,1.0,1.0,1.0
2,2,7,9,0.49,0.01,0.0,0.0,0.0,0.0,0.0,0.0,0.0,0.0
3,3,3,5,0.46,0.55,0.57,0.6,0.63,0.66,0.69,0.76,0.83,0.9
4,4,2,4,0.53,0.84,0.98,1.0,1.0,1.0,1.0,1.0,1.0,1.0
5,5,7,6,0.49,0.1,0.01,0.0,0.0,0.0,0.0,0.0,0.0,0.0
6,6,8,8,0.43,0.0,0.0,0.0,0.0,0.0,0.0,0.0,0.0,0.0
7,7,1,6,0.52,0.65,0.58,0.57,0.53,0.5,0.5,0.5,0.5,0.5
8,8,7,7,0.52,0.07,0.0,0.0,0.0,0.0,0.0,0.0,0.0,0.0
9,9,8,1,0.43,0.42,0.42,0.42,0.42,0.42,0.42,0.42,0.42,0.42
10,10,5,9,0.43,0.16,0.0,0.0,0.0,0.0,0.0,0.0,0.0,0.0
11,11,8,9,0.59,0.01,0.0,0.0,0.0,0.0,0.0,0.0,0.0,0.0
12,12,4,3,0.53,0.88,0.99,1.0,1.0,1.0,1.0,1.0,1.0,1.0
13,13,0,3,0.52,0.94,1.0,1.0,1.0,1.0,1.0,1.0,1.0,1.0
14,14,5,0,0.51,0.71,0.91,0.97,1.0,1.0,1.0,1.0,1.0,1.0
15,15,2,3,0.51,0.91,1.0,1.0,1.0,1.0,1.0,1.0,1.0,1.0
16,16,8,1,0.49,0.49,0.49,0.49,0.49,0.49,0.49,0.49,0.49,0.49
17,17,3,3,0.5,0.89,1.0,1.0,1.0,1.0,1.0,1.0,1.0,1.0
18,18,3,7,0.53,0.43,0.51,0.49,0.51,0.49,0.51,0.49,0.51,0.49
19,19,0,1,0.53,0.99,1.0,1.0,1.0,1.0,1.0,1.0,1.0,1.0
20,20,9,9,0.54,0.0,0.0,0.0,0.0,0.0,0.0,0.0,0.0,0.0
21,21,0,4,0.53,0.85,0.99,1.0,1.0,1.0,1.0,1.0,1.0,1.0
22,22,7,3,0.53,0.49,0.43,0.37,0.33,0.31,0.31,0.31,0.31,0.31
23,23,2,7,0.6,0.47,0.53,0.47,0.53,0.47,0.53,0.47,0.53,0.47
24,24,2,0,0.56,1.0,1.0,1.0,1.0,1.0,1.0,1.0,1.0,1.0
25,25,0,4,0.49,0.8,1.0,1.0,1.0,1.0,1.0,1.0,1.0,1.0
26,26,5,5,0.46,0.23,0.07,0.0,0.0,0.0,0.0,0.0,0.0,0.0
27,27,6,8,0.5,0.07,0.0,0.0,0.0,0.0,0.0,0.0,0.0,0.0
28,28,4,1,0.52,0.79,0.94,0.99,1.0,1.0,1.0,1.0,1.0,1.0
29,29,4,9,0.49,0.38,0.29,0.21,0.17,0.12,0.08,0.03,0.0,0.0
30,30,8,1,0.51,0.51,0.51,0.51,0.51,0.51,0.51,0.51,0.51,0.51
31,31,1,7,0.57,0.47,0.53,0.47,0.53,0.47,0.53,0.47,0.53,0.47
32,32,9,9,0.51,0.0,0.0,0.0,0.0,0.0,0.0,0.0,0.0,0.0
33,33,3,6,0.51,0.49,0.52,0.48,0.52,0.48,0.52,0.48,0.52,0.48
34,34,7,2,0.54,0.56,0.56,0.56,0.56,0.56,0.56,0.56,0.56,0.56
35,35,0,3,0.57,0.95,1.0,1.0,1.0,1.0,1.0,1.0,1.0,1.0
36,36,5,9,0.48,0.15,0.0,0.0,0.0,0.0,0.0,0.0,0.0,0.0
37,37,4,4,0.5,0.7,0.86,0.93,0.98,1.0,1.0,1.0,1.0,1.0
38,38,6,4,0.5,0.35,0.29,0.26,0.24,0.24,0.24,0.24,0.24,0.24
39,39,4,3,0.42,0.64,0.71,0.76,0.81,0.9,0.94,0.98,1.0,1.0
40,40,4,4,0.51,0.63,0.76,0.9,0.97,1.0,1.0,1.0,1.0,1.0
41,41,8,4,0.52,0.35,0.27,0.2,0.13,0.11,0.09,0.07,0.04,0.0
42,42,3,7,0.53,0.48,0.5,0.5,0.5,0.5,0.5,0.5,0.5,0.5
43,43,5,5,0.52,0.37,0.2,0.09,0.03,0.0,0.0,0.0,0.0,0.0
44,44,0,1,0.55,1.0,1.0,1.0,1.0,1.0,1.0,1.0,1.0,1.0
45,45,5,9,0.5,0.17,0.0,0.0,0.0,0.0,0.0,0.0,0.0,0.0
46,46,3,0,0.46,0.87,1.0,1.0,1.0,1.0,1.0,1.0,1.0,1.0
47,47,5,0,0.47,0.63,0.75,0.8,0.85,0.9,0.94,0.98,1.0,1.0
48,48,1,2,0.49,0.99,1.0,1.0,1.0,1.0,1.0,1.0,1.0,1.0
49,49,4,2,0.55,0.88,1.0,1.0,1.0,1.0,1.0,1.0,1.0,1.0
50,50,0,3,0.58,0.97,1.0,1.0,1.0,1.0,1.0,1.0,1.0,1.0
51,51,2,0,0.52,0.99,1.0,1.0,1.0,1.0,1.0,1.0,1.0,1.0
52,52,7,5,0.49,0.16,0.0,0.0,0.0,0.0,0.0,0.0,0.0,0.0
53,53,9,0,0.53,0.53,0.53,0.53,0.53,0.53,0.53,0.53,0.53,0.53
54,54,2,7,0.49,0.44,0.56,0.44,0.56,0.44,0.56,0.44,0.56,0.44
55,55,2,9,0.53,0.47,0.52,0.48,0.52,0.48,0.52,0.48,0.52,0.48
56,56,2,3,0.47,0.9,1.0,1.0,1.0,1.0,1.0,1.0,1.0,1.0
57,57,3,2,0.44,0.85,0.98,1.0,1.0,1.0,1.0,1.0,1.0,1.0
58,58,3,4,0.47,0.71,0.93,1.0,1.0,1.0,1.0,1.0,1.0,1.0
59,59,1,2,0.5,1.0,1.0,1.0,1.0,1.0,1.0,1.0,1.0,1.0
60,60,9,1,0.56,0.56,0.56,0.56,0.56,0.56,0.56,0.56,0.56,0.56
61,61,4,6,0.55,0.47,0.48,0.48,0.5,0.5,0.5,0.5,0.5,0.5
62,62,8,2,0.5,0.46,0.45,0.45,0.45,0.45,0.45,0.45,0.45,0.45
63,63,3,0,0.5,0.94,1.0,1.0,1.0,1.0,1.0,1.0,1.0,1.0
64,64,0,6,0.5,0.57,0.48,0.52,0.48,0.52,0.48,0.52,0.48,0.52
65,65,0,6,0.52,0.53,0.53,0.47,0.53,0.47,0.53,0.47,0.53,0.47
66,66,3,3,0.56,0.91,1.0,1.0,1.0,1.0,1.0,1.0,1.0,1.0
67,67,8,8,0.54,0.0,0.0,0.0,0.0,0.0,0.0,0.0,0.0,0.0
68,68,8,2,0.42,0.39,0.39,0.39,0.39,0.39,0.39,0.39,0.39,0.39
69,69,3,2,0.52,0.89,0.99,1.0,1.0,1.0,1.0,1.0,1.0,1.0
70,70,0,8,0.47,0.53,0.48,0.52,0.48,0.52,0.48,0.52,0.48,0.52
71,71,8,3,0.48,0.4,0.38,0.35,0.34,0.33,0.32,0.32,0.32,0.32
72,72,8,2,0.49,0.48,0.48,0.48,0.48,0.48,0.48,0.48,0.48,0.48
73,73,8,4,0.53,0.39,0.32,0.26,0.21,0.15,0.12,0.09,0.06,0.03
74,74,3,0,0.5,0.93,1.0,1.0,1.0,1.0,1.0,1.0,1.0,1.0
75,75,4,3,0.57,0.77,0.86,0.92,0.98,1.0,1.0,1.0,1.0,1.0
76,76,6,9,0.53,0.07,0.0,0.0,0.0,0.0,0.0,0.0,0.0,0.0
77,77,8,0,0.47,0.47,0.47,0.47,0.47,0.47,0.47,0.47,0.47,0.47
78,78,8,5,0.55,0.25,0.07,0.0,0.0,0.0,0.0,0.0,0.0,0.0
79,79,9,0,0.53,0.53,0.53,0.53,0.53,0.53,0.53,0.53,0.53,0.53
80,80,9,6,0.54,0.04,0.0,0.0,0.0,0.0,0.0,0.0,0.0,0.0
81,81,5,3,0.4,0.36,0.33,0.32,0.32,0.32,0.32,0.32,0.32,0.32
82,82,1,8,0.43,0.57,0.43,0.57,0.43,0.57,0.43,0.57,0.43,0.57
83,83,0,4,0.5,0.78,1.0,1.0,1.0,1.0,1.0,1.0,1.0,1.0
84,84,9,6,0.52,0.1,0.01,0.0,0.0,0.0,0.0,0.0,0.0,0.0
85,85,5,7,0.55,0.25,0.02,0.0,0.0,0.0,0.0,0.0,0.0,0.0
86,86,8,8,0.52,0.02,0.0,0.0,0.0,0.0,0.0,0.0,0.0,0.0
87,87,9,2,0.56,0.56,0.56,0.56,0.56,0.56,0.56,0.56,0.56,0.56
88,88,8,6,0.53,0.11,0.0,0.0,0.0,0.0,0.0,0.0,0.0,0.0
89,89,6,9,0.46,0.06,0.0,0.0,0.0,0.0,0.0,0.0,0.0,0.0
90,90,1,6,0.49,0.54,0.55,0.48,0.52,0.48,0.52,0.48,0.52,0.48
91,91,8,8,0.62,0.02,0.0,0.0,0.0,0.0,0.0,0.0,0.0,0.0
92,92,3,2,0.47,0.87,0.99,1.0,1.0,1.0,1.0,1.0,1.0,1.0
93,93,3,6,0.52,0.54,0.55,0.51,0.5,0.5,0.5,0.5,0.5,0.5
94,94,3,6,0.55,0.49,0.51,0.49,0.51,0.49,0.51,0.49,0.51,0.49
95,95,5,7,0.48,0.2,0.03,0.0,0.0,0.0,0.0,0.0,0.0,0.0
96,96,0,8,0.43,0.57,0.43,0.57,0.43,0.57,0.43,0.57,0.43,0.57
97,97,4,6,0.54,0.43,0.31,0.23,0.15,0.09,0.06,0.03,0.0,0.0
98,98,5,8,0.6,0.29,0.02,0.0,0.0,0.0,0.0,0.0,0.0,0.0
99,99,2,3,0.47,0.9,1.0,1.0,1.0,1.0,1.0,1.0,1.0,1.0
100,100,9,7,0.56,0.02,0.0,0.0,0.0,0.0,0.0,0.0,0.0,0.0
101,101,5,3,0.52,0.6,0.69,0.73,0.76,0.76,0.76,0.76,0.76,0.76
102,102,4,5,0.46,0.39,0.34,0.31,0.29,0.28,0.27,0.27,0.27,0.27
103,103,3,3,0.5,0.77,0.91,0.98,1.0,1.0,1.0,1.0,1.0,1.0
104,104,7,9,0.48,0.01,0.0,0.0,0.0,0.0,0.0,0.0,0.0,0.0
105,105,9,9,0.62,0.0,0.0,0.0,0.0,0.0,0.0,0.0,0.0,0.0
106,106,7,3,0.49,0.43,0.39,0.36,0.34,0.31,0.3,0.28,0.27,0.27
107,107,2,3,0.5,0.94,1.0,1.0,1.0,1.0,1.0,1.0,1.0,1.0
108,108,9,7,0.54,0.0,0.0,0.0,0.0,0.0,0.0,0.0,0.0,0.0
109,109,7,5,0.52,0.28,0.12,0.0,0.0,0.0,0.0,0.0,0.0,0.0
110,110,1,2,0.42,0.96,1.0,1.0,1.0,1.0,1.0,1.0,1.0,1.0
111,111,2,8,0.55,0.45,0.52,0.48,0.52,0.48,0.52,0.48,0.52,0.48
112,112,1,5,0.44,0.66,0.78,0.89,0.95,1.0,1.0,1.0,1.0,1.0
113,113,8,4,0.42,0.2,0.12,0.09,0.06,0.03,0.0,0.0,0.0,0.0
114,114,0,2,0.53,0.99,1.0,1.0,1.0,1.0,1.0,1.0,1.0,1.0
115,115,5,5,0.56,0.51,0.46,0.39,0.31,0.2,0.13,0.06,0.01,0.0
116,116,0,8,0.56,0.44,0.56,0.44,0.56,0.44,0.56,0.44,0.56,0.44
117,117,1,1,0.46,1.0,1.0,1.0,1.0,1.0,1.0,1.0,1.0,1.0
118,118,0,3,0.51,0.92,1.0,1.0,1.0,1.0,1.0,1.0,1.0,1.0
119,119,8,8,0.51,0.0,0.0,0.0,0.0,0.0,0.0,0.0,0.0,0.0
120,120,4,4,0.46,0.58,0.65,0.7,0.74,0.8,0.86,0.91,0.96,1.0
121,121,0,9,0.46,0.54,0.46,0.54,0.46,0.54,0.46,0.54,0.46,0.54
122,122,3,7,0.47,0.44,0.52,0.48,0.52,0.48,0.52,0.48,0.52,0.48
123,123,3,2,0.45,0.82,0.94,1.0,1.0,1.0,1.0,1.0,1.0,1.0
124,124,1,1,0.59,1.0,1.0,1.0,1.0,1.0,1.0,1.0,1.0,1.0
125,125,2,1,0.48,0.99,1.0,1.0,1.0,1.0,1.0,1.0,1.0,1.0
126,126,4,2,0.53,0.86,0.99,1.0,1.0,1.0,1.0,1.0,1.0,1.0
127,127,5,5,0.57,0.54,0.5,0.44,0.38,0.34,0.29,0.24,0.22,0.2
128,128,5,2,0.54,0.72,0.78,0.84,0.91,0.97,1.0,1.0,1.0,1.0
129,129,5,7,0.57,0.27,0.05,0.0,0.0,0.0,0.0,0.0,0.0,0.0
130,130,7,6,0.53,0.14,0.03,0.0,0.0,0.0,0.0,0.0,0.0,0.0
131,131,1,6,0.51,0.54,0.5,0.5,0.5,0.5,0.5,0.5,0.5,0.5
132,132,7,2,0.5,0.5,0.51,0.51,0.51,0.51,0.51,0.51,0.51,0.51
133,133,3,1,0.51,0.9,1.0,1.0,1.0,1.0,1.0,1.0,1.0,1.0
134,134,9,5,0.56,0.26,0.06,0.0,0.0,0.0,0.0,0.0,0.0,0.0
135,135,9,9,0.47,0.0,0.0,0.0,0.0,0.0,0.0,0.0,0.0,0.0
136,136,2,0,0.46,0.94,1.0,1.0,1.0,1.0,1.0,1.0,1.0,1.0
137,137,9,1,0.52,0.52,0.52,0.52,0.52,0.52,0.52,0.52,0.52,0.52
138,138,9,0,0.5,0.5,0.5,0.5,0.5,0.5,0.5,0.5,0.5,0.5
139,139,6,0,0.52,0.62,0.66,0.68,0.69,0.69,0.69,0.69,0.69,0.69
140,140,4,8,0.61,0.35,0.21,0.09,0.01,0.0,0.0,0.0,0.0,0.0
141,141,4,3,0.57,0.95,1.0,1.0,1.0,1.0,1.0,1.0,1.0,1.0
142,142,3,8,0.6,0.39,0.44,0.47,0.49,0.51,0.49,0.51,0.49,0.51
143,143,8,7,0.54,0.04,0.0,0.0,0.0,0.0,0.0,0.0,0.0,0.0
144,144,0,3,0.5,0.94,1.0,1.0,1.0,1.0,1.0,1.0,1.0,1.0
145,145,8,7,0.51,0.03,0.0,0.0,0.0,0.0,0.0,0.0,0.0,0.0
146,146,7,1,0.5,0.52,0.53,0.54,0.55,0.55,0.55,0.55,0.55,0.55
147,147,8,4,0.5,0.29,0.17,0.08,0.04,0.0,0.0,0.0,0.0,0.0
148,148,7,0,0.49,0.53,0.53,0.53,0.53,0.53,0.53,0.53,0.53,0.53
149,149,4,9,0.49,0.31,0.21,0.13,0.05,0.02,0.0,0.0,0.0,0.0
150,150,0,6,0.49,0.6,0.44,0.56,0.44,0.56,0.44,0.56,0.44,0.56
151,151,4,2,0.5,0.81,0.97,1.0,1.0,1.0,1.0,1.0,1.0,1.0
152,152,4,6,0.54,0.46,0.39,0.4,0.35,0.35,0.28,0.24,0.17,0.12
153,153,3,3,0.49,0.9,1.0,1.0,1.0,1.0,1.0,1.0,1.0,1.0
154,154,7,8,0.57,0.01,0.0,0.0,0.0,0.0,0.0,0.0,0.0,0.0
155,155,5,0,0.48,0.62,0.75,0.83,0.88,0.94,1.0,1.0,1.0,1.0
156,156,8,5,0.46,0.14,0.04,0.0,0.0,0.0,0.0,0.0,0.0,0.0
157,157,4,7,0.5,0.36,0.24,0.12,0.05,0.02,0.0,0.0,0.0,0.0
158,158,4,1,0.51,0.85,0.97,1.0,1.0,1.0,1.0,1.0,1.0,1.0
159,159,3,3,0.46,0.86,1.0,1.0,1.0,1.0,1.0,1.0,1.0,1.0
160,160,9,2,0.5,0.49,0.49,0.49,0.49,0.49,0.49,0.49,0.49,0.49
161,161,5,2,0.46,0.61,0.76,0.87,0.9,0.95,0.98,1.0,1.0,1.0
162,162,3,5,0.47,0.56,0.6,0.63,0.64,0.67,0.67,0.7,0.73,0.76
163,163,7,2,0.46,0.45,0.44,0.44,0.44,0.44,0.44,0.44,0.44,0.44
164,164,7,1,0.54,0.58,0.58,0.58,0.58,0.58,0.58,0.58,0.58,0.58
165,165,6,5,0.47,0.22,0.13,0.08,0.03,0.0,0.0,0.0,0.0,0.0
166,166,0,0,0.37,1.0,1.0,1.0,1.0,1.0,1.0,1.0,1.0,1.0
167,167,3,1,0.5,0.98,1.0,1.0,1.0,1.0,1.0,1.0,1.0,1.0
168,168,9,9,0.58,0.0,0.0,0.0,0.0,0.0,0.0,0.0,0.0,0.0
169,169,6,6,0.56,0.24,0.05,0.0,0.0,0.0,0.0,0.0,0.0,0.0
170,170,7,8,0.54,0.03,0.0,0.0,0.0,0.0,0.0,0.0,0.0,0.0
171,171,8,7,0.37,0.0,0.0,0.0,0.0,0.0,0.0,0.0,0.0,0.0
172,172,0,8,0.54,0.47,0.53,0.47,0.53,0.47,0.53,0.47,0.53,0.47
173,173,6,8,0.53,0.1,0.0,0.0,0.0,0.0,0.0,0.0,0.0,0.0
174,174,9,8,0.47,0.0,0.0,0.0,0.0,0.0,0.0,0.0,0.0,0.0
175,175,3,6,0.44,0.47,0.52,0.48,0.52,0.48,0.52,0.48,0.52,0.48
176,176,1,7,0.45,0.54,0.47,0.53,0.47,0.53,0.47,0.53,0.47,0.53
177,177,4,9,0.45,0.22,0.12,0.06,0.01,0.0,0.0,0.0,0.0,0.0
178,178,2,0,0.46,1.0,1.0,1.0,1.0,1.0,1.0,1.0,1.0,1.0
179,179,8,2,0.56,0.56,0.56,0.56,0.56,0.56,0.56,0.56,0.56,0.56
180,180,7,8,0.5,0.02,0.0,0.0,0.0,0.0,0.0,0.0,0.0,0.0
181,181,4,4,0.47,0.58,0.71,0.82,0.92,0.98,1.0,1.0,1.0,1.0
182,182,1,7,0.47,0.53,0.47,0.53,0.47,0.53,0.47,0.53,0.47,0.53
183,183,6,9,0.52,0.11,0.0,0.0,0.0,0.0,0.0,0.0,0.0,0.0
184,184,4,1,0.53,0.87,1.0,1.0,1.0,1.0,1.0,1.0,1.0,1.0
185,185,5,9,0.51,0.21,0.01,0.0,0.0,0.0,0.0,0.0,0.0,0.0
186,186,7,1,0.5,0.52,0.52,0.52,0.52,0.52,0.52,0.52,0.52,0.52
187,187,3,5,0.47,0.54,0.59,0.61,0.63,0.62,0.65,0.66,0.68,0.7
188,188,7,3,0.49,0.44,0.43,0.42,0.42,0.42,0.42,0.42,0.42,0.42
189,189,6,6,0.45,0.06,0.0,0.0,0.0,0.0,0.0,0.0,0.0,0.0
190,190,7,9,0.51,0.03,0.0,0.0,0.0,0.0,0.0,0.0,0.0,0.0
191,191,1,9,0.45,0.55,0.45,0.55,0.45,0.55,0.45,0.55,0.45,0.55
192,192,6,0,0.47,0.55,0.58,0.6,0.62,0.64,0.65,0.66,0.66,0.66
193,193,3,8,0.4,0.42,0.46,0.5,0.5,0.5,0.5,0.5,0.5,0.5
194,194,4,1,0.46,0.75,0.95,1.0,1.0,1.0,1.0,1.0,1.0,1.0
195,195,4,5,0.39,0.27,0.2,0.13,0.07,0.03,0.0,0.0,0.0,0.0
196,196,0,3,0.56,0.97,1.0,1.0,1.0,1.0,1.0,1.0,1.0,1.0
197,197,1,4,0.36,0.71,0.95,1.0,1.0,1.0,1.0,1.0,1.0,1.0
198,198,4,4,0.52,0.63,0.75,0.87,0.98,1.0,1.0,1.0,1.0,1.0
199,199,0,0,0.49,1.0,1.0,1.0,1.0,1.0,1.0,1.0,1.0,1.0
200,200,8,4,0.5,0.29,0.14,0.06,0.02,0.0,0.0,0.0,0.0,0.0
201,201,6,9,0.49,0.08,0.0,0.0,0.0,0.0,0.0,0.0,0.0,0.0
202,202,3,3,0.5,0.88,1.0,1.0,1.0,1.0,1.0,1.0,1.0,1.0
203,203,2,1,0.52,1.0,1.0,1.0,1.0,1.0,1.0,1.0,1.0,1.0
204,204,2,1,0.55,1.0,1.0,1.0,1.0,1.0,1.0,1.0,1.0,1.0
205,205,3,4,0.48,0.72,0.9,0.99,1.0,1.0,1.0,1.0,1.0,1.0
206,206,1,1,0.54,1.0,1.0,1.0,1.0,1.0,1.0,1.0,1.0,1.0
207,207,0,7,0.58,0.46,0.56,0.44,0.56,0.44,0.56,0.44,0.56,0.44
208,208,8,4,0.38,0.1,0.0,0.0,0.0,0.0,0.0,0.0,0.0,0.0
209,209,3,5,0.5,0.57,0.65,0.72,0.79,0.88,0.95,1.0,1.0,1.0
210,210,6,3,0.54,0.53,0.58,0.61,0.62,0.62,0.62,0.62,0.62,0.62
211,211,2,9,0.52,0.46,0.54,0.46,0.54,0.46,0.54,0.46,0.54,0.46
212,212,8,1,0.49,0.49,0.49,0.49,0.49,0.49,0.49,0.49,0.49,0.49
213,213,4,0,0.48,0.72,0.87,0.97,1.0,1.0,1.0,1.0,1.0,1.0
214,214,8,3,0.47,0.39,0.32,0.3,0.29,0.27,0.25,0.24,0.24,0.24
215,215,9,5,0.57,0.37,0.19,0.07,0.02,0.0,0.0,0.0,0.0,0.0
216,216,5,1,0.54,0.77,0.88,0.94,0.97,1.0,1.0,1.0,1.0,1.0
217,217,7,8,0.54,0.05,0.0,0.0,0.0,0.0,0.0,0.0,0.0,0.0
218,218,6,4,0.53,0.45,0.36,0.31,0.29,0.26,0.23,0.19,0.17,0.15
219,219,7,3,0.44,0.37,0.36,0.35,0.35,0.35,0.35,0.35,0.35,0.35
220,220,5,3,0.51,0.56,0.59,0.61,0.62,0.62,0.62,0.62,0.62,0.62
221,221,6,4,0.65,0.75,0.8,0.81,0.81,0.81,0.81,0.81,0.81,0.81
222,222,7,3,0.51,0.46,0.43,0.42,0.4,0.39,0.39,0.39,0.39,0.39
223,223,0,5,0.51,0.68,0.81,0.89,0.94,0.97,1.0,1.0,1.0,1.0
224,224,9,3,0.45,0.32,0.25,0.24,0.24,0.24,0.24,0.24,0.24,0.24
225,225,7,5,0.48,0.17,0.02,0.0,0.0,0.0,0.0,0.0,0.0,0.0
226,226,5,8,0.55,0.21,0.02,0.0,0.0,0.0,0.0,0.0,0.0,0.0
227,227,0,8,0.45,0.55,0.45,0.55,0.45,0.55,0.45,0.55,0.45,0.55
228,228,3,6,0.46,0.46,0.52,0.48,0.52,0.48,0.52,0.48,0.52,0.48
229,229,9,3,0.49,0.36,0.28,0.21,0.19,0.16,0.14,0.12,0.11,0.11
230,230,2,7,0.38,0.51,0.49,0.51,0.49,0.51,0.49,0.51,0.49,0.51
231,231,0,3,0.52,0.94,1.0,1.0,1.0,1.0,1.0,1.0,1.0,1.0
232,232,0,3,0.49,0.97,1.0,1.0,1.0,1.0,1.0,1.0,1.0,1.0
233,233,6,1,0.51,0.57,0.58,0.59,0.6,0.61,0.62,0.64,0.65,0.66
234,234,9,2,0.42,0.39,0.39,0.39,0.39,0.39,0.39,0.39,0.39,0.39
235,235,9,4,0.58,0.46,0.31,0.23,0.15,0.07,0.04,0.0,0.0,0.0
236,236,9,1,0.51,0.5,0.5,0.5,0.5,0.5,0.5,0.5,0.5,0.5
237,237,3,2,0.52,0.94,1.0,1.0,1.0,1.0,1.0,1.0,1.0,1.0
238,238,4,9,0.59,0.35,0.2,0.13,0.06,0.02,0.0,0.0,0.0,0.0
239,239,7,4,0.48,0.25,0.14,0.12,0.12,0.12,0.12,0.12,0.12,0.12
240,240,9,4,0.48,0.26,0.14,0.1,0.07,0.04,0.0,0.0,0.0,0.0
241,241,1,2,0.5,0.96,1.0,1.0,1.0,1.0,1.0,1.0,1.0,1.0
242,242,7,2,0.53,0.53,0.51,0.51,0.51,0.51,0.51,0.51,0.51,0.51
243,243,3,9,0.45,0.43,0.47,0.51,0.49,0.51,0.49,0.51,0.49,0.51
244,244,7,6,0.41,0.03,0.0,0.0,0.0,0.0,0.0,0.0,0.0,0.0
245,245,6,2,0.6,0.79,0.87,0.9,0.91,0.93,0.94,0.95,0.96,0.96
246,246,3,6,0.41,0.46,0.48,0.5,0.5,0.5,0.5,0.5,0.5,0.5
247,247,0,8,0.52,0.48,0.52,0.48,0.52,0.48,0.52,0.48,0.52,0.48
248,248,0,7,0.37,0.63,0.42,0.58,0.42,0.58,0.42,0.58,0.42,0.58
249,249,6,5,0.55,0.43,0.28,0.21,0.13,0.07,0.01,0.0,0.0,0.0
250,250,9,6,0.53,0.05,0.0,0.0,0.0,0.0,0.0,0.0,0.0,0.0
251,251,5,2,0.5,0.66,0.79,0.84,0.91,0.93,0.96,1.0,1.0,1.0
252,252,7,1,0.44,0.44,0.44,0.44,0.44,0.44,0.44,0.44,0.44,0.44
253,253,9,2,0.47,0.46,0.46,0.46,0.46,0.46,0.46,0.46,0.46,0.46
254,254,2,5,0.52,0.73,0.89,0.95,0.99,1.0,1.0,1.0,1.0,1.0
255,255,6,4,0.5,0.31,0.24,0.2,0.17,0.14,0.11,0.09,0.07,0.04
256,256,2,2,0.55,0.99,1.0,1.0,1.0,1.0,1.0,1.0,1.0,1.0
257,257,1,0,0.56,1.0,1.0,1.0,1.0,1.0,1.0,1.0,1.0,1.0
258,258,9,0,0.48,0.48,0.48,0.48,0.48,0.48,0.48,0.48,0.48,0.48
259,259,2,8,0.52,0.47,0.5,0.5,0.5,0.5,0.5,0.5,0.5,0.5
260,260,3,0,0.56,0.98,1.0,1.0,1.0,1.0,1.0,1.0,1.0,1.0
261,261,8,8,0.45,0.0,0.0,0.0,0.0,0.0,0.0,0.0,0.0,0.0
262,262,1,0,0.37,0.96,1.0,1.0,1.0,1.0,1.0,1.0,1.0,1.0
263,263,5,8,0.46,0.17,0.0,0.0,0.0,0.0,0.0,0.0,0.0,0.0
264,264,2,3,0.52,0.98,1.0,1.0,1.0,1.0,1.0,1.0,1.0,1.0
265,265,5,3,0.6,0.85,0.88,0.9,0.94,0.98,1.0,1.0,1.0,1.0
266,266,8,6,0.49,0.18,0.08,0.01,0.0,0.0,0.0,0.0,0.0,0.0
267,267,4,6,0.42,0.29,0.19,0.13,0.1,0.06,0.02,0.0,0.0,0.0
268,268,3,6,0.5,0.48,0.52,0.48,0.52,0.48,0.52,0.48,0.52,0.48
269,269,2,6,0.49,0.53,0.54,0.47,0.53,0.47,0.53,0.47,0.53,0.47
270,270,5,5,0.49,0.34,0.21,0.12,0.06,0.01,0.0,0.0,0.0,0.0
271,271,9,4,0.54,0.36,0.23,0.17,0.12,0.07,0.03,0.0,0.0,0.0
272,272,6,5,0.52,0.3,0.16,0.03,0.0,0.0,0.0,0.0,0.0,0.0
273,273,1,3,0.45,0.85,1.0,1.0,1.0,1.0,1.0,1.0,1.0,1.0
274,274,3,8,0.52,0.47,0.51,0.49,0.51,0.49,0.51,0.49,0.51,0.49
275,275,9,5,0.47,0.19,0.03,0.0,0.0,0.0,0.0,0.0,0.0,0.0
276,276,5,6,0.55,0.32,0.13,0.0,0.0,0.0,0.0,0.0,0.0,0.0
277,277,0,9,0.38,0.62,0.38,0.62,0.38,0.62,0.38,0.62,0.38,0.62
278,278,7,5,0.46,0.13,0.04,0.0,0.0,0.0,0.0,0.0,0.0,0.0
279,279,1,5,0.52,0.66,0.79,0.89,0.96,1.0,1.0,1.0,1.0,1.0
280,280,6,6,0.47,0.09,0.0,0.0,0.0,0.0,0.0,0.0,0.0,0.0
281,281,8,7,0.53,0.04,0.0,0.0,0.0,0.0,0.0,0.0,0.0,0.0
282,282,5,3,0.45,0.47,0.47,0.47,0.48,0.49,0.52,0.53,0.53,0.53
283,283,2,9,0.44,0.53,0.47,0.53,0.47,0.53,0.47,0.53,0.47,0.53
284,284,9,3,0.44,0.34,0.27,0.22,0.19,0.16,0.13,0.11,0.09,0.09
285,285,2,5,0.52,0.64,0.75,0.86,0.94,0.97,1.0,1.0,1.0,1.0
286,286,4,1,0.5,0.78,0.9,0.97,1.0,1.0,1.0,1.0,1.0,1.0
287,287,5,8,0.58,0.23,0.0,0.0,0.0,0.0,0.0,0.0,0.0,0.0
288,288,3,5,0.52,0.63,0.72,0.8,0.87,0.95,1.0,1.0,1.0,1.0
289,289,8,4,0.57,0.41,0.31,0.23,0.18,0.12,0.07,0.05,0.01,0.0
290,290,1,7,0.51,0.49,0.51,0.49,0.51,0.49,0.51,0.49,0.51,0.49
291,291,8,1,0.45,0.45,0.45,0.45,0.45,0.45,0.45,0.45,0.45,0.45
292,292,2,1,0.57,0.99,1.0,1.0,1.0,1.0,1.0,1.0,1.0,1.0
293,293,1,7,0.54,0.46,0.54,0.46,0.54,0.46,0.54,0.46,0.54,0.46
294,294,5,0,0.47,0.62,0.71,0.82,0.88,0.94,0.97,1.0,1.0,1.0
295,295,4,1,0.45,0.74,0.98,1.0,1.0,1.0,1.0,1.0,1.0,1.0
296,296,1,6,0.53,0.52,0.49,0.51,0.49,0.51,0.49,0.51,0.49,0.51
297,297,6,0,0.54,0.64,0.67,0.69,0.71,0.74,0.75,0.77,0.77,0.77
298,298,2,3,0.59,0.98,1.0,1.0,1.0,1.0,1.0,1.0,1.0,1.0
299,299,7,9,0.46,0.02,0.0,0.0,0.0,0.0,0.0,0.0,0.0,0.0
300,300,2,4,0.54,0.85,1.0,1.0,1.0,1.0,1.0,1.0,1.0,1.0
301,301,9,0,0.47,0.47,0.47,0.47,0.47,0.47,0.47,0.47,0.47,0.47
302,302,6,9,0.51,0.08,0.0,0.0,0.0,0.0,0.0,0.0,0.0,0.0
303,303,2,4,0.5,0.81,0.99,1.0,1.0,1.0,1.0,1.0,1.0,1.0
304,304,7,3,0.58,0.6,0.6,0.61,0.61,0.61,0.61,0.61,0.61,0.61
305,305,0,5,0.55,0.75,0.86,0.92,0.96,0.99,1.0,1.0,1.0,1.0
306,306,4,0,0.51,0.82,0.96,1.0,1.0,1.0,1.0,1.0,1.0,1.0
307,307,2,3,0.42,0.85,1.0,1.0,1.0,1.0,1.0,1.0,1.0,1.0
308,308,1,7,0.52,0.49,0.51,0.49,0.51,0.49,0.51,0.49,0.51,0.49
309,309,1,3,0.5,0.95,1.0,1.0,1.0,1.0,1.0,1.0,1.0,1.0
310,310,4,1,0.44,0.7,0.87,0.95,1.0,1.0,1.0,1.0,1.0,1.0
311,311,7,4,0.55,0.43,0.32,0.22,0.17,0.12,0.07,0.03,0.0,0.0
312,312,0,2,0.51,0.99,1.0,1.0,1.0,1.0,1.0,1.0,1.0,1.0
313,313,7,4,0.52,0.35,0.22,0.11,0.03,0.0,0.0,0.0,0.0,0.0
314,314,0,2,0.5,0.99,1.0,1.0,1.0,1.0,1.0,1.0,1.0,1.0
315,315,6,9,0.55,0.13,0.0,0.0,0.0,0.0,0.0,0.0,0.0,0.0
316,316,2,4,0.43,0.71,0.96,1.0,1.0,1.0,1.0,1.0,1.0,1.0
317,317,9,9,0.51,0.0,0.0,0.0,0.0,0.0,0.0,0.0,0.0,0.0
318,318,5,4,0.55,0.66,0.72,0.73,0.76,0.76,0.76,0.76,0.76,0.76
319,319,4,9,0.53,0.33,0.26,0.19,0.12,0.06,0.01,0.0,0.0,0.0
320,320,8,1,0.52,0.52,0.52,0.52,0.52,0.52,0.52,0.52,0.52,0.52
321,321,5,7,0.51,0.19,0.01,0.0,0.0,0.0,0.0,0.0,0.0,0.0
322,322,0,1,0.52,1.0,1.0,1.0,1.0,1.0,1.0,1.0,1.0,1.0
323,323,3,9,0.53,0.45,0.46,0.53,0.47,0.53,0.47,0.53,0.47,0.53
324,324,2,8,0.46,0.54,0.46,0.54,0.46,0.54,0.46,0.54,0.46,0.54
325,325,2,4,0.55,0.83,0.96,1.0,1.0,1.0,1.0,1.0,1.0,1.0
326,326,8,2,0.48,0.47,0.47,0.47,0.47,0.47,0.47,0.47,0.47,0.47
327,327,9,8,0.45,0.0,0.0,0.0,0.0,0.0,0.0,0.0,0.0,0.0
328,328,7,8,0.46,0.01,0.0,0.0,0.0,0.0,0.0,0.0,0.0,0.0
329,329,2,3,0.55,0.93,1.0,1.0,1.0,1.0,1.0,1.0,1.0,1.0
330,330,3,6,0.5,0.52,0.49,0.51,0.49,0.51,0.49,0.51,0.49,0.51
331,331,0,3,0.48,0.91,1.0,1.0,1.0,1.0,1.0,1.0,1.0,1.0
332,332,6,3,0.47,0.44,0.43,0.4,0.39,0.38,0.37,0.37,0.37,0.37
333,333,9,6,0.56,0.2,0.03,0.0,0.0,0.0,0.0,0.0,0.0,0.0
334,334,3,2,0.43,0.84,1.0,1.0,1.0,1.0,1.0,1.0,1.0,1.0
335,335,2,2,0.45,0.95,1.0,1.0,1.0,1.0,1.0,1.0,1.0,1.0
336,336,6,4,0.57,0.51,0.43,0.39,0.38,0.37,0.35,0.34,0.33,0.32
337,337,6,0,0.48,0.54,0.61,0.63,0.64,0.64,0.64,0.64,0.64,0.64
338,338,4,9,0.52,0.31,0.23,0.11,0.04,0.0,0.0,0.0,0.0,0.0
339,339,2,1,0.5,1.0,1.0,1.0,1.0,1.0,1.0,1.0,1.0,1.0
340,340,6,1,0.61,0.72,0.8,0.87,0.91,0.93,0.96,0.99,1.0,1.0
341,341,7,5,0.48,0.15,0.03,0.0,0.0,0.0,0.0,0.0,0.0,0.0
342,342,6,1,0.62,0.74,0.8,0.84,0.9,0.93,0.96,0.96,0.96,0.96
343,343,6,6,0.47,0.05,0.0,0.0,0.0,0.0,0.0,0.0,0.0,0.0
344,344,6,6,0.46,0.12,0.0,0.0,0.0,0.0,0.0,0.0,0.0,0.0
345,345,2,5,0.53,0.69,0.79,0.85,0.92,0.99,1.0,1.0,1.0,1.0
346,346,2,2,0.54,0.99,1.0,1.0,1.0,1.0,1.0,1.0,1.0,1.0
347,347,3,2,0.46,0.89,1.0,1.0,1.0,1.0,1.0,1.0,1.0,1.0
348,348,9,3,0.39,0.28,0.22,0.16,0.11,0.09,0.07,0.05,0.04,0.04
349,349,8,5,0.55,0.23,0.08,0.02,0.0,0.0,0.0,0.0,0.0,0.0
350,350,4,5,0.51,0.56,0.62,0.64,0.68,0.7,0.75,0.78,0.85,0.88
351,351,1,5,0.51,0.71,0.84,0.93,0.99,1.0,1.0,1.0,1.0,1.0
352,352,8,2,0.45,0.4,0.4,0.4,0.4,0.4,0.4,0.4,0.4,0.4
353,353,9,9,0.46,0.0,0.0,0.0,0.0,0.0,0.0,0.0,0.0,0.0
354,354,5,6,0.53,0.26,0.04,0.0,0.0,0.0,0.0,0.0,0.0,0.0
355,355,4,0,0.56,0.92,1.0,1.0,1.0,1.0,1.0,1.0,1.0,1.0
356,356,8,5,0.5,0.22,0.09,0.03,0.0,0.0,0.0,0.0,0.0,0.0
357,357,5,5,0.53,0.4,0.28,0.18,0.11,0.06,0.01,0.0,0.0,0.0
358,358,1,0,0.58,1.0,1.0,1.0,1.0,1.0,1.0,1.0,1.0,1.0
359,359,0,0,0.53,1.0,1.0,1.0,1.0,1.0,1.0,1.0,1.0,1.0
360,360,0,0,0.58,1.0,1.0,1.0,1.0,1.0,1.0,1.0,1.0,1.0
361,361,7,6,0.49,0.08,0.0,0.0,0.0,0.0,0.0,0.0,0.0,0.0
362,362,3,5,0.46,0.56,0.66,0.72,0.77,0.82,0.87,0.93,0.98,1.0
363,363,4,3,0.48,0.7,0.85,0.94,1.0,1.0,1.0,1.0,1.0,1.0
364,364,4,5,0.53,0.56,0.58,0.63,0.64,0.64,0.66,0.66,0.67,0.66
365,365,1,3,0.49,0.93,1.0,1.0,1.0,1.0,1.0,1.0,1.0,1.0
366,366,6,7,0.43,0.04,0.0,0.0,0.0,0.0,0.0,0.0,0.0,0.0
367,367,4,0,0.43,0.65,0.78,0.88,0.97,1.0,1.0,1.0,1.0,1.0
368,368,0,7,0.5,0.5,0.5,0.5,0.5,0.5,0.5,0.5,0.5,0.5
369,369,3,3,0.53,0.89,1.0,1.0,1.0,1.0,1.0,1.0,1.0,1.0
370,370,0,0,0.46,1.0,1.0,1.0,1.0,1.0,1.0,1.0,1.0,1.0
371,371,9,4,0.46,0.25,0.15,0.12,0.08,0.04,0.0,0.0,0.0,0.0
372,372,4,5,0.51,0.55,0.59,0.65,0.65,0.7,0.75,0.79,0.83,0.88
373,373,8,8,0.5,0.0,0.0,0.0,0.0,0.0,0.0,0.0,0.0,0.0
374,374,0,1,0.54,1.0,1.0,1.0,1.0,1.0,1.0,1.0,1.0,1.0
375,375,5,9,0.56,0.26,0.01,0.0,0.0,0.0,0.0,0.0,0.0,0.0
376,376,9,6,0.4,0.0,0.0,0.0,0.0,0.0,0.0,0.0,0.0,0.0
377,377,1,4,0.49,0.83,1.0,1.0,1.0,1.0,1.0,1.0,1.0,1.0
378,378,0,4,0.51,0.82,0.99,1.0,1.0,1.0,1.0,1.0,1.0,1.0
379,379,7,7,0.52,0.02,0.0,0.0,0.0,0.0,0.0,0.0,0.0,0.0
380,380,7,6,0.43,0.0,0.0,0.0,0.0,0.0,0.0,0.0,0.0,0.0
381,381,2,6,0.55,0.52,0.49,0.51,0.49,0.51,0.49,0.51,0.49,0.51
382,382,0,2,0.44,0.96,1.0,1.0,1.0,1.0,1.0,1.0,1.0,1.0
383,383,7,7,0.5,0.06,0.0,0.0,0.0,0.0,0.0,0.0,0.0,0.0
384,384,2,6,0.51,0.56,0.52,0.5,0.5,0.5,0.5,0.5,0.5,0.5
385,385,1,3,0.46,0.9,1.0,1.0,1.0,1.0,1.0,1.0,1.0,1.0
386,386,7,0,0.42,0.42,0.42,0.42,0.42,0.42,0.42,0.42,0.42,0.42
387,387,5,4,0.54,0.65,0.72,0.74,0.75,0.76,0.77,0.78,0.78,0.78
388,388,5,5,0.5,0.38,0.28,0.21,0.12,0.06,0.02,0.0,0.0,0.0
389,389,3,8,0.42,0.45,0.5,0.5,0.5,0.5,0.5,0.5,0.5,0.5
390,390,0,1,0.53,1.0,1.0,1.0,1.0,1.0,1.0,1.0,1.0,1.0
391,391,5,4,0.44,0.38,0.37,0.37,0.37,0.37,0.37,0.37,0.37,0.37
392,392,1,5,0.48,0.67,0.75,0.81,0.89,0.95,1.0,1.0,1.0,1.0
393,393,0,6,0.48,0.57,0.47,0.53,0.47,0.53,0.47,0.53,0.47,0.53
394,394,8,8,0.49,0.0,0.0,0.0,0.0,0.0,0.0,0.0,0.0,0.0
395,395,6,3,0.53,0.58,0.58,0.58,0.58,0.58,0.58,0.58,0.58,0.58
396,396,4,4,0.42,0.46,0.5,0.56,0.6,0.64,0.69,0.73,0.77,0.81
397,397,3,6,0.54,0.48,0.52,0.48,0.52,0.48,0.52,0.48,0.52,0.48
398,398,5,9,0.46,0.14,0.0,0.0,0.0,0.0,0.0,0.0,0.0,0.0
399,399,8,1,0.56,0.56,0.56,0.56,0.56,0.56,0.56,0.56,0.56,0.56
400,400,3,8,0.46,0.4,0.54,0.46,0.54,0.46,0.54,0.46,0.54,0.46
401,401,1,5,0.51,0.66,0.75,0.84,0.93,0.97,1.0,1.0,1.0,1.0
402,402,8,0,0.43,0.43,0.43,0.43,0.43,0.43,0.43,0.43,0.43,0.43
403,403,3,7,0.52,0.41,0.5,0.5,0.5,0.5,0.5,0.5,0.5,0.5
404,404,1,7,0.54,0.47,0.53,0.47,0.53,0.47,0.53,0.47,0.53,0.47
405,405,8,0,0.6,0.6,0.6,0.6,0.6,0.6,0.6,0.6,0.6,0.6
406,406,7,5,0.5,0.2,0.11,0.0,0.0,0.0,0.0,0.0,0.0,0.0
407,407,9,9,0.49,0.0,0.0,0.0,0.0,0.0,0.0,0.0,0.0,0.0
408,408,6,8,0.43,0.04,0.0,0.0,0.0,0.0,0.0,0.0,0.0,0.0
409,409,7,5,0.52,0.21,0.07,0.02,0.0,0.0,0.0,0.0,0.0,0.0
410,410,9,1,0.52,0.52,0.52,0.52,0.52,0.52,0.52,0.52,0.52,0.52
411,411,0,0,0.53,1.0,1.0,1.0,1.0,1.0,1.0,1.0,1.0,1.0
412,412,5,6,0.61,0.38,0.15,0.02,0.0,0.0,0.0,0.0,0.0,0.0
413,413,3,6,0.45,0.44,0.52,0.48,0.52,0.48,0.52,0.48,0.52,0.48
414,414,1,7,0.47,0.57,0.46,0.54,0.46,0.54,0.46,0.54,0.46,0.54
415,415,7,0,0.45,0.47,0.47,0.47,0.47,0.47,0.47,0.47,0.47,0.47
416,416,7,6,0.54,0.13,0.0,0.0,0.0,0.0,0.0,0.0,0.0,0.0
417,417,0,4,0.47,0.8,0.99,1.0,1.0,1.0,1.0,1.0,1.0,1.0
418,418,2,7,0.56,0.48,0.52,0.48,0.52,0.48,0.52,0.48,0.52,0.48
419,419,5,2,0.51,0.7,0.78,0.88,0.93,0.96,1.0,1.0,1.0,1.0
420,420,8,5,0.55,0.26,0.06,0.0,0.0,0.0,0.0,0.0,0.0,0.0
421,421,6,6,0.48,0.11,0.0,0.0,0.0,0.0,0.0,0.0,0.0,0.0
422,422,4,1,0.4,0.7,0.86,0.93,0.99,1.0,1.0,1.0,1.0,1.0
423,423,5,4,0.55,0.62,0.66,0.68,0.71,0.73,0.75,0.77,0.79,0.8
424,424,5,5,0.43,0.19,0.04,0.0,0.0,0.0,0.0,0.0,0.0,0.0
425,425,6,3,0.47,0.41,0.39,0.36,0.33,0.33,0.33,0.33,0.33,0.33
426,426,8,1,0.51,0.51,0.51,0.51,0.51,0.51,0.51,0.51,0.51,0.51
427,427,4,2,0.48,0.63,0.74,0.83,0.93,0.99,1.0,1.0,1.0,1.0
428,428,9,7,0.48,0.01,0.0,0.0,0.0,0.0,0.0,0.0,0.0,0.0
429,429,4,1,0.48,0.8,0.94,1.0,1.0,1.0,1.0,1.0,1.0,1.0
430,430,8,2,0.48,0.45,0.44,0.44,0.44,0.44,0.44,0.44,0.44,0.44
431,431,3,3,0.53,0.91,1.0,1.0,1.0,1.0,1.0,1.0,1.0,1.0
432,432,4,1,0.51,0.86,1.0,1.0,1.0,1.0,1.0,1.0,1.0,1.0
433,433,6,2,0.55,0.67,0.75,0.78,0.8,0.8,0.8,0.8,0.8,0.8
434,434,5,4,0.49,0.52,0.55,0.55,0.55,0.55,0.55,0.55,0.55,0.55
435,435,9,1,0.54,0.54,0.54,0.54,0.54,0.54,0.54,0.54,0.54,0.54
436,436,5,9,0.47,0.13,0.0,0.0,0.0,0.0,0.0,0.0,0.0,0.0
437,437,4,5,0.48,0.48,0.51,0.53,0.55,0.56,0.59,0.61,0.64,0.65
438,438,7,4,0.58,0.48,0.41,0.34,0.29,0.27,0.25,0.24,0.23,0.21
439,439,4,2,0.48,0.77,0.92,1.0,1.0,1.0,1.0,1.0,1.0,1.0
440,440,2,1,0.46,0.98,1.0,1.0,1.0,1.0,1.0,1.0,1.0,1.0
441,441,3,0,0.52,0.98,1.0,1.0,1.0,1.0,1.0,1.0,1.0,1.0
442,442,1,9,0.54,0.46,0.54,0.46,0.54,0.46,0.54,0.46,0.54,0.46
443,443,1,6,0.43,0.6,0.55,0.49,0.51,0.49,0.51,0.49,0.51,0.49
444,444,9,8,0.44,0.0,0.0,0.0,0.0,0.0,0.0,0.0,0.0,0.0
445,445,6,3,0.48,0.41,0.35,0.33,0.33,0.33,0.33,0.33,0.33,0.33
446,446,0,7,0.52,0.48,0.53,0.47,0.53,0.47,0.53,0.47,0.53,0.47
447,447,3,2,0.53,0.95,1.0,1.0,1.0,1.0,1.0,1.0,1.0,1.0
448,448,5,9,0.49,0.21,0.0,0.0,0.0,0.0,0.0,0.0,0.0,0.0
449,449,7,3,0.59,0.64,0.66,0.67,0.67,0.67,0.67,0.67,0.67,0.67
450,450,4,7,0.51,0.33,0.26,0.19,0.13,0.11,0.08,0.02,0.0,0.0
451,451,6,7,0.56,0.12,0.0,0.0,0.0,0.0,0.0,0.0,0.0,0.0
452,452,3,6,0.52,0.5,0.5,0.5,0.5,0.5,0.5,0.5,0.5,0.5
453,453,9,3,0.5,0.43,0.41,0.4,0.4,0.4,0.4,0.4,0.4,0.4
454,454,7,1,0.58,0.6,0.61,0.61,0.61,0.61,0.61,0.61,0.61,0.61
455,455,3,7,0.46,0.45,0.53,0.47,0.53,0.47,0.53,0.47,0.53,0.47
456,456,8,8,0.46,0.0,0.0,0.0,0.0,0.0,0.0,0.0,0.0,0.0
457,457,4,5,0.54,0.57,0.62,0.66,0.71,0.75,0.76,0.78,0.81,0.84
458,458,3,6,0.45,0.5,0.5,0.5,0.5,0.5,0.5,0.5,0.5,0.5
459,459,9,6,0.58,0.12,0.03,0.0,0.0,0.0,0.0,0.0,0.0,0.0
460,460,2,9,0.56,0.44,0.54,0.46,0.54,0.46,0.54,0.46,0.54,0.46
461,461,3,5,0.39,0.43,0.46,0.48,0.49,0.51,0.49,0.51,0.49,0.51
462,462,7,9,0.49,0.01,0.0,0.0,0.0,0.0,0.0,0.0,0.0,0.0
463,463,0,7,0.55,0.47,0.53,0.47,0.53,0.47,0.53,0.47,0.53,0.47
464,464,1,2,0.51,0.98,1.0,1.0,1.0,1.0,1.0,1.0,1.0,1.0
465,465,5,0,0.46,0.62,0.74,0.82,0.85,0.87,0.9,0.93,0.96,1.0
466,466,5,8,0.45,0.13,0.0,0.0,0.0,0.0,0.0,0.0,0.0,0.0
467,467,9,8,0.55,0.01,0.0,0.0,0.0,0.0,0.0,0.0,0.0,0.0
468,468,2,5,0.62,0.82,0.94,0.98,1.0,1.0,1.0,1.0,1.0,1.0
469,469,3,1,0.5,0.97,1.0,1.0,1.0,1.0,1.0,1.0,1.0,1.0
470,470,7,3,0.44,0.36,0.3,0.26,0.23,0.22,0.21,0.2,0.19,0.19
471,471,8,5,0.44,0.17,0.07,0.01,0.0,0.0,0.0,0.0,0.0,0.0
472,472,5,1,0.4,0.52,0.64,0.71,0.77,0.84,0.89,0.91,0.93,0.96
473,473,9,7,0.51,0.01,0.0,0.0,0.0,0.0,0.0,0.0,0.0,0.0
474,474,2,1,0.59,1.0,1.0,1.0,1.0,1.0,1.0,1.0,1.0,1.0
475,475,0,1,0.49,0.99,1.0,1.0,1.0,1.0,1.0,1.0,1.0,1.0
476,476,0,1,0.41,1.0,1.0,1.0,1.0,1.0,1.0,1.0,1.0,1.0
477,477,1,6,0.53,0.55,0.48,0.52,0.48,0.52,0.48,0.52,0.48,0.52
478,478,8,8,0.45,0.01,0.0,0.0,0.0,0.0,0.0,0.0,0.0,0.0
479,479,3,2,0.45,0.88,1.0,1.0,1.0,1.0,1.0,1.0,1.0,1.0
480,480,0,7,0.56,0.47,0.53,0.47,0.53,0.47,0.53,0.47,0.53,0.47
481,481,4,6,0.41,0.25,0.1,0.04,0.0,0.0,0.0,0.0,0.0,0.0
482,482,0,5,0.47,0.69,0.83,0.96,1.0,1.0,1.0,1.0,1.0,1.0
483,483,3,3,0.46,0.78,0.94,1.0,1.0,1.0,1.0,1.0,1.0,1.0
484,484,9,4,0.52,0.33,0.16,0.1,0.08,0.06,0.02,0.0,0.0,0.0
485,485,9,0,0.38,0.38,0.38,0.38,0.38,0.38,0.38,0.38,0.38,0.38
486,486,6,5,0.56,0.41,0.27,0.19,0.12,0.06,0.01,0.0,0.0,0.0
487,487,3,0,0.4,0.81,0.98,1.0,1.0,1.0,1.0,1.0,1.0,1.0
488,488,0,1,0.47,0.99,1.0,1.0,1.0,1.0,1.0,1.0,1.0,1.0
489,489,2,0,0.42,0.95,1.0,1.0,1.0,1.0,1.0,1.0,1.0,1.0
490,490,2,2,0.5,0.96,1.0,1.0,1.0,1.0,1.0,1.0,1.0,1.0
491,491,9,6,0.55,0.12,0.0,0.0,0.0,0.0,0.0,0.0,0.0,0.0
492,492,7,8,0.53,0.02,0.0,0.0,0.0,0.0,0.0,0.0,0.0,0.0
493,493,9,8,0.5,0.0,0.0,0.0,0.0,0.0,0.0,0.0,0.0,0.0
494,494,2,4,0.39,0.66,0.94,1.0,1.0,1.0,1.0,1.0,1.0,1.0
495,495,7,7,0.47,0.03,0.0,0.0,0.0,0.0,0.0,0.0,0.0,0.0
496,496,5,7,0.55,0.33,0.09,0.02,0.0,0.0,0.0,0.0,0.0,0.0
497,497,2,4,0.46,0.76,0.95,1.0,1.0,1.0,1.0,1.0,1.0,1.0
498,498,1,1,0.46,0.99,1.0,1.0,1.0,1.0,1.0,1.0,1.0,1.0
499,499,1,7,0.38,0.62,0.43,0.57,0.43,0.57,0.43,0.57,0.43,0.57
500,500,9,0,0.57,0.57,0.57,0.57,0.57,0.57,0.57,0.57,0.57,0.57
501,501,9,0,0.51,0.51,0.51,0.51,0.51,0.51,0.51,0.51,0.51,0.51
502,502,2,1,0.56,1.0,1.0,1.0,1.0,1.0,1.0,1.0,1.0,1.0
503,503,4,6,0.5,0.37,0.27,0.23,0.18,0.11,0.05,0.01,0.0,0.0
504,504,0,6,0.47,0.58,0.52,0.49,0.51,0.49,0.51,0.49,0.51,0.49
505,505,6,2,0.49,0.56,0.59,0.6,0.61,0.63,0.64,0.64,0.64,0.64
506,506,8,6,0.55,0.18,0.02,0.0,0.0,0.0,0.0,0.0,0.0,0.0
507,507,6,5,0.58,0.46,0.39,0.3,0.25,0.18,0.11,0.03,0.0,0.0
508,508,2,5,0.48,0.6,0.67,0.75,0.82,0.88,0.91,0.95,0.98,1.0
509,509,0,3,0.5,0.9,1.0,1.0,1.0,1.0,1.0,1.0,1.0,1.0
510,510,9,9,0.55,0.0,0.0,0.0,0.0,0.0,0.0,0.0,0.0,0.0
511,511,7,0,0.49,0.5,0.5,0.5,0.5,0.5,0.5,0.5,0.5,0.5
512,512,4,1,0.48,0.74,0.92,0.98,1.0,1.0,1.0,1.0,1.0,1.0
513,513,3,5,0.49,0.63,0.72,0.77,0.81,0.87,0.91,0.95,0.99,1.0
514,514,7,6,0.48,0.03,0.0,0.0,0.0,0.0,0.0,0.0,0.0,0.0
515,515,2,7,0.47,0.49,0.51,0.49,0.51,0.49,0.51,0.49,0.51,0.49
516,516,3,4,0.5,0.8,0.96,1.0,1.0,1.0,1.0,1.0,1.0,1.0
517,517,9,7,0.47,0.01,0.0,0.0,0.0,0.0,0.0,0.0,0.0,0.0
518,518,0,0,0.48,1.0,1.0,1.0,1.0,1.0,1.0,1.0,1.0,1.0
519,519,1,8,0.44,0.57,0.43,0.57,0.43,0.57,0.43,0.57,0.43,0.57
520,520,3,5,0.46,0.54,0.62,0.67,0.73,0.81,0.88,0.96,1.0,1.0
521,521,0,1,0.62,1.0,1.0,1.0,1.0,1.0,1.0,1.0,1.0,1.0
522,522,1,3,0.56,0.96,1.0,1.0,1.0,1.0,1.0,1.0,1.0,1.0
523,523,7,9,0.47,0.01,0.0,0.0,0.0,0.0,0.0,0.0,0.0,0.0
524,524,3,7,0.46,0.49,0.49,0.51,0.49,0.51,0.49,0.51,0.49,0.51
525,525,0,2,0.55,1.0,1.0,1.0,1.0,1.0,1.0,1.0,1.0,1.0
526,526,4,4,0.54,0.7,0.86,0.95,1.0,1.0,1.0,1.0,1.0,1.0
527,527,6,0,0.52,0.56,0.57,0.57,0.57,0.57,0.57,0.57,0.57,0.57
528,528,1,7,0.45,0.55,0.48,0.52,0.48,0.52,0.48,0.52,0.48,0.52
529,529,6,5,0.51,0.24,0.11,0.05,0.0,0.0,0.0,0.0,0.0,0.0
530,530,5,7,0.43,0.13,0.0,0.0,0.0,0.0,0.0,0.0,0.0,0.0
531,531,3,6,0.52,0.52,0.49,0.51,0.49,0.51,0.49,0.51,0.49,0.51
532,532,8,8,0.46,0.0,0.0,0.0,0.0,0.0,0.0,0.0,0.0,0.0
533,533,2,1,0.58,1.0,1.0,1.0,1.0,1.0,1.0,1.0,1.0,1.0
534,534,0,8,0.56,0.44,0.56,0.44,0.56,0.44,0.56,0.44,0.56,0.44
535,535,7,7,0.41,0.0,0.0,0.0,0.0,0.0,0.0,0.0,0.0,0.0
536,536,0,4,0.57,0.89,1.0,1.0,1.0,1.0,1.0,1.0,1.0,1.0
537,537,8,0,0.49,0.49,0.49,0.49,0.49,0.49,0.49,0.49,0.49,0.49
538,538,4,5,0.51,0.52,0.55,0.59,0.61,0.63,0.64,0.65,0.66,0.65
539,539,7,2,0.66,0.74,0.75,0.75,0.75,0.75,0.75,0.75,0.75,0.75
540,540,4,9,0.54,0.33,0.25,0.14,0.09,0.04,0.01,0.0,0.0,0.0
541,541,7,5,0.48,0.17,0.05,0.0,0.0,0.0,0.0,0.0,0.0,0.0
542,542,0,4,0.51,0.84,0.99,1.0,1.0,1.0,1.0,1.0,1.0,1.0
543,543,9,4,0.43,0.17,0.07,0.05,0.01,0.0,0.0,0.0,0.0,0.0
544,544,0,2,0.52,0.97,1.0,1.0,1.0,1.0,1.0,1.0,1.0,1.0
545,545,5,5,0.44,0.28,0.17,0.07,0.02,0.0,0.0,0.0,0.0,0.0
546,546,3,0,0.4,0.83,1.0,1.0,1.0,1.0,1.0,1.0,1.0,1.0
547,547,0,1,0.61,1.0,1.0,1.0,1.0,1.0,1.0,1.0,1.0,1.0
548,548,9,9,0.43,0.0,0.0,0.0,0.0,0.0,0.0,0.0,0.0,0.0
549,549,2,1,0.53,0.99,1.0,1.0,1.0,1.0,1.0,1.0,1.0,1.0
550,550,0,1,0.43,1.0,1.0,1.0,1.0,1.0,1.0,1.0,1.0,1.0
551,551,6,3,0.48,0.49,0.47,0.46,0.46,0.46,0.46,0.46,0.46,0.46
552,552,4,3,0.46,0.67,0.89,0.97,1.0,1.0,1.0,1.0,1.0,1.0
553,553,6,4,0.54,0.47,0.43,0.42,0.4,0.39,0.37,0.36,0.35,0.34
554,554,2,3,0.46,0.89,1.0,1.0,1.0,1.0,1.0,1.0,1.0,1.0
555,555,6,3,0.51,0.53,0.54,0.55,0.57,0.57,0.57,0.57,0.57,0.57
556,556,3,8,0.54,0.46,0.48,0.52,0.48,0.52,0.48,0.52,0.48,0.52
557,557,1,3,0.45,0.9,1.0,1.0,1.0,1.0,1.0,1.0,1.0,1.0
558,558,3,1,0.38,0.8,0.96,1.0,1.0,1.0,1.0,1.0,1.0,1.0
559,559,5,3,0.51,0.62,0.67,0.69,0.7,0.72,0.74,0.76,0.77,0.78
560,560,6,4,0.63,0.68,0.65,0.64,0.63,0.63,0.63,0.63,0.63,0.63
561,561,8,5,0.49,0.12,0.0,0.0,0.0,0.0,0.0,0.0,0.0,0.0
562,562,7,1,0.6,0.66,0.69,0.69,0.69,0.69,0.69,0.69,0.69,0.69
563,563,8,2,0.51,0.48,0.48,0.48,0.48,0.48,0.48,0.48,0.48,0.48
564,564,0,0,0.52,1.0,1.0,1.0,1.0,1.0,1.0,1.0,1.0,1.0
565,565,4,2,0.53,0.85,0.98,1.0,1.0,1.0,1.0,1.0,1.0,1.0
566,566,1,2,0.48,0.98,1.0,1.0,1.0,1.0,1.0,1.0,1.0,1.0
567,567,2,3,0.54,0.97,1.0,1.0,1.0,1.0,1.0,1.0,1.0,1.0
568,568,4,7,0.4,0.27,0.1,0.05,0.02,0.0,0.0,0.0,0.0,0.0
569,569,5,1,0.55,0.76,0.9,0.94,0.97,1.0,1.0,1.0,1.0,1.0
570,570,3,1,0.48,0.92,1.0,1.0,1.0,1.0,1.0,1.0,1.0,1.0
571,571,0,1,0.5,1.0,1.0,1.0,1.0,1.0,1.0,1.0,1.0,1.0
572,572,4,0,0.45,0.74,0.91,1.0,1.0,1.0,1.0,1.0,1.0,1.0
573,573,2,1,0.49,0.98,1.0,1.0,1.0,1.0,1.0,1.0,1.0,1.0
574,574,3,1,0.52,0.92,1.0,1.0,1.0,1.0,1.0,1.0,1.0,1.0
575,575,4,7,0.53,0.35,0.27,0.2,0.13,0.07,0.05,0.02,0.0,0.0
576,576,5,6,0.45,0.16,0.02,0.0,0.0,0.0,0.0,0.0,0.0,0.0
577,577,9,2,0.52,0.52,0.52,0.52,0.52,0.52,0.52,0.52,0.52,0.52
578,578,5,2,0.46,0.6,0.7,0.75,0.8,0.87,0.94,0.98,1.0,1.0
579,579,2,1,0.44,0.98,1.0,1.0,1.0,1.0,1.0,1.0,1.0,1.0
580,580,3,8,0.51,0.45,0.49,0.49,0.51,0.49,0.51,0.49,0.51,0.49
581,581,3,0,0.59,0.95,1.0,1.0,1.0,1.0,1.0,1.0,1.0,1.0
582,582,7,3,0.48,0.43,0.4,0.39,0.39,0.39,0.39,0.39,0.39,0.39
583,583,8,2,0.44,0.4,0.39,0.39,0.39,0.39,0.39,0.39,0.39,0.39
584,584,4,3,0.51,0.76,0.91,1.0,1.0,1.0,1.0,1.0,1.0,1.0
585,585,1,6,0.55,0.64,0.48,0.54,0.46,0.54,0.46,0.54,0.46,0.54
586,586,5,8,0.5,0.14,0.0,0.0,0.0,0.0,0.0,0.0,0.0,0.0
587,587,4,3,0.5,0.78,0.94,1.0,1.0,1.0,1.0,1.0,1.0,1.0
588,588,6,5,0.54,0.34,0.16,0.05,0.0,0.0,0.0,0.0,0.0,0.0
589,589,3,7,0.51,0.45,0.49,0.5,0.5,0.5,0.5,0.5,0.5,0.5
590,590,8,8,0.52,0.0,0.0,0.0,0.0,0.0,0.0,0.0,0.0,0.0
591,591,3,7,0.5,0.42,0.51,0.48,0.52,0.48,0.52,0.48,0.52,0.48
592,592,8,5,0.55,0.21,0.11,0.04,0.0,0.0,0.0,0.0,0.0,0.0
593,593,7,2,0.51,0.5,0.5,0.5,0.5,0.5,0.5,0.5,0.5,0.5
594,594,7,8,0.45,0.0,0.0,0.0,0.0,0.0,0.0,0.0,0.0,0.0
595,595,0,7,0.5,0.52,0.52,0.48,0.52,0.48,0.52,0.48,0.52,0.48
596,596,4,8,0.48,0.32,0.21,0.07,0.02,0.0,0.0,0.0,0.0,0.0
597,597,4,4,0.59,0.83,0.98,1.0,1.0,1.0,1.0,1.0,1.0,1.0
598,598,0,4,0.42,0.8,1.0,1.0,1.0,1.0,1.0,1.0,1.0,1.0
599,599,8,0,0.59,0.61,0.61,0.61,0.61,0.61,0.61,0.61,0.61,0.61
600,600,0,4,0.55,0.88,1.0,1.0,1.0,1.0,1.0,1.0,1.0,1.0
601,601,7,3,0.54,0.48,0.43,0.42,0.41,0.39,0.37,0.36,0.34,0.33
602,602,7,7,0.45,0.02,0.0,0.0,0.0,0.0,0.0,0.0,0.0,0.0
603,603,2,2,0.51,1.0,1.0,1.0,1.0,1.0,1.0,1.0,1.0,1.0
604,604,1,7,0.54,0.51,0.5,0.5,0.5,0.5,0.5,0.5,0.5,0.5
605,605,0,7,0.46,0.54,0.48,0.52,0.48,0.52,0.48,0.52,0.48,0.52
606,606,5,9,0.53,0.21,0.03,0.0,0.0,0.0,0.0,0.0,0.0,0.0
607,607,7,1,0.57,0.63,0.65,0.66,0.66,0.66,0.66,0.66,0.66,0.66
608,608,1,2,0.52,0.99,1.0,1.0,1.0,1.0,1.0,1.0,1.0,1.0
609,609,4,1,0.53,0.87,0.98,1.0,1.0,1.0,1.0,1.0,1.0,1.0
610,610,4,5,0.41,0.32,0.24,0.21,0.16,0.13,0.11,0.11,0.11,0.11
611,611,8,2,0.57,0.56,0.56,0.56,0.56,0.56,0.56,0.56,0.56,0.56
612,612,1,6,0.63,0.62,0.54,0.5,0.5,0.5,0.5,0.5,0.5,0.5
613,613,3,0,0.57,0.98,1.0,1.0,1.0,1.0,1.0,1.0,1.0,1.0
614,614,3,9,0.4,0.44,0.51,0.49,0.51,0.49,0.51,0.49,0.51,0.49
615,615,5,1,0.59,0.74,0.82,0.89,0.93,0.97,1.0,1.0,1.0,1.0
616,616,3,7,0.46,0.46,0.52,0.48,0.52,0.48,0.52,0.48,0.52,0.48
617,617,1,1,0.54,1.0,1.0,1.0,1.0,1.0,1.0,1.0,1.0,1.0
618,618,7,9,0.42,0.0,0.0,0.0,0.0,0.0,0.0,0.0,0.0,0.0
619,619,4,2,0.51,0.87,0.93,0.98,1.0,1.0,1.0,1.0,1.0,1.0
620,620,0,3,0.44,0.9,1.0,1.0,1.0,1.0,1.0,1.0,1.0,1.0
621,621,2,4,0.56,0.87,1.0,1.0,1.0,1.0,1.0,1.0,1.0,1.0
622,622,0,0,0.54,1.0,1.0,1.0,1.0,1.0,1.0,1.0,1.0,1.0
623,623,9,3,0.41,0.29,0.24,0.2,0.16,0.16,0.16,0.16,0.16,0.16
624,624,8,3,0.48,0.41,0.39,0.38,0.37,0.37,0.37,0.37,0.37,0.37
625,625,0,4,0.53,0.88,1.0,1.0,1.0,1.0,1.0,1.0,1.0,1.0
626,626,4,0,0.48,0.83,0.98,1.0,1.0,1.0,1.0,1.0,1.0,1.0
627,627,2,5,0.52,0.72,0.82,0.89,0.94,0.97,1.0,1.0,1.0,1.0
628,628,5,8,0.49,0.18,0.0,0.0,0.0,0.0,0.0,0.0,0.0,0.0
629,629,2,7,0.57,0.48,0.52,0.48,0.52,0.48,0.52,0.48,0.52,0.48
630,630,3,6,0.48,0.48,0.52,0.48,0.52,0.48,0.52,0.48,0.52,0.48
631,631,1,0,0.51,1.0,1.0,1.0,1.0,1.0,1.0,1.0,1.0,1.0
632,632,2,2,0.57,1.0,1.0,1.0,1.0,1.0,1.0,1.0,1.0,1.0
633,633,5,5,0.37,0.18,0.08,0.03,0.0,0.0,0.0,0.0,0.0,0.0
634,634,1,2,0.46,0.98,1.0,1.0,1.0,1.0,1.0,1.0,1.0,1.0
635,635,8,7,0.57,0.0,0.0,0.0,0.0,0.0,0.0,0.0,0.0,0.0
636,636,3,7,0.45,0.46,0.51,0.49,0.51,0.49,0.51,0.49,0.51,0.49
637,637,3,1,0.48,0.89,1.0,1.0,1.0,1.0,1.0,1.0,1.0,1.0
638,638,0,1,0.49,1.0,1.0,1.0,1.0,1.0,1.0,1.0,1.0,1.0
639,639,0,8,0.43,0.57,0.43,0.57,0.43,0.57,0.43,0.57,0.43,0.57
640,640,8,5,0.5,0.16,0.02,0.0,0.0,0.0,0.0,0.0,0.0,0.0
641,641,3,3,0.49,0.87,0.99,1.0,1.0,1.0,1.0,1.0,1.0,1.0
642,642,1,0,0.5,1.0,1.0,1.0,1.0,1.0,1.0,1.0,1.0,1.0
643,643,6,1,0.44,0.49,0.53,0.55,0.57,0.58,0.6,0.62,0.62,0.62
644,644,6,9,0.48,0.06,0.0,0.0,0.0,0.0,0.0,0.0,0.0,0.0
645,645,5,7,0.53,0.2,0.0,0.0,0.0,0.0,0.0,0.0,0.0,0.0
646,646,0,1,0.42,1.0,1.0,1.0,1.0,1.0,1.0,1.0,1.0,1.0
647,647,4,9,0.44,0.27,0.14,0.06,0.01,0.0,0.0,0.0,0.0,0.0
648,648,5,1,0.5,0.7,0.79,0.84,0.88,0.92,0.96,1.0,1.0,1.0
649,649,6,5,0.58,0.41,0.3,0.21,0.14,0.08,0.02,0.0,0.0,0.0
650,650,4,4,0.46,0.58,0.71,0.81,0.88,0.93,0.98,1.0,1.0,1.0
651,651,4,7,0.54,0.34,0.21,0.16,0.14,0.12,0.11,0.1,0.1,0.1
652,652,2,2,0.6,1.0,1.0,1.0,1.0,1.0,1.0,1.0,1.0,1.0
653,653,6,5,0.4,0.06,0.0,0.0,0.0,0.0,0.0,0.0,0.0,0.0
654,654,3,0,0.4,0.84,0.98,1.0,1.0,1.0,1.0,1.0,1.0,1.0
655,655,8,8,0.52,0.0,0.0,0.0,0.0,0.0,0.0,0.0,0.0,0.0
656,656,1,8,0.55,0.45,0.55,0.45,0.55,0.45,0.55,0.45,0.55,0.45
657,657,7,5,0.45,0.12,0.01,0.0,0.0,0.0,0.0,0.0,0.0,0.0
658,658,7,9,0.48,0.01,0.0,0.0,0.0,0.0,0.0,0.0,0.0,0.0
659,659,4,0,0.46,0.77,0.94,1.0,1.0,1.0,1.0,1.0,1.0,1.0
660,660,7,2,0.49,0.47,0.47,0.48,0.48,0.48,0.48,0.48,0.48,0.48
661,661,3,9,0.54,0.42,0.51,0.48,0.52,0.48,0.52,0.48,0.52,0.48
662,662,5,4,0.49,0.5,0.54,0.57,0.59,0.61,0.63,0.64,0.65,0.65
663,663,0,4,0.48,0.85,1.0,1.0,1.0,1.0,1.0,1.0,1.0,1.0
664,664,5,8,0.52,0.18,0.01,0.0,0.0,0.0,0.0,0.0,0.0,0.0
665,665,1,4,0.48,0.81,0.98,1.0,1.0,1.0,1.0,1.0,1.0,1.0
666,666,8,0,0.51,0.51,0.51,0.51,0.51,0.51,0.51,0.51,0.51,0.51
667,667,1,1,0.49,1.0,1.0,1.0,1.0,1.0,1.0,1.0,1.0,1.0
668,668,8,9,0.48,0.0,0.0,0.0,0.0,0.0,0.0,0.0,0.0,0.0
669,669,4,9,0.56,0.36,0.25,0.16,0.08,0.02,0.0,0.0,0.0,0.0
670,670,0,3,0.47,0.91,1.0,1.0,1.0,1.0,1.0,1.0,1.0,1.0
671,671,0,7,0.51,0.5,0.5,0.5,0.5,0.5,0.5,0.5,0.5,0.5
672,672,0,8,0.46,0.54,0.46,0.54,0.46,0.54,0.46,0.54,0.46,0.54
673,673,1,2,0.53,0.99,1.0,1.0,1.0,1.0,1.0,1.0,1.0,1.0
674,674,8,5,0.61,0.44,0.29,0.14,0.08,0.02,0.0,0.0,0.0,0.0
675,675,8,2,0.48,0.48,0.48,0.48,0.48,0.48,0.48,0.48,0.48,0.48
676,676,1,3,0.51,0.92,1.0,1.0,1.0,1.0,1.0,1.0,1.0,1.0
677,677,5,0,0.48,0.74,0.9,0.95,0.99,1.0,1.0,1.0,1.0,1.0
678,678,2,5,0.52,0.65,0.71,0.72,0.74,0.78,0.81,0.85,0.91,0.97
679,679,8,6,0.55,0.1,0.0,0.0,0.0,0.0,0.0,0.0,0.0,0.0
680,680,2,7,0.62,0.47,0.53,0.47,0.53,0.47,0.53,0.47,0.53,0.47
681,681,7,1,0.53,0.57,0.58,0.58,0.58,0.58,0.58,0.58,0.58,0.58
682,682,8,4,0.59,0.46,0.41,0.34,0.27,0.25,0.22,0.21,0.2,0.19
683,683,9,3,0.44,0.32,0.24,0.15,0.1,0.1,0.1,0.1,0.1,0.1
684,684,3,2,0.44,0.85,0.99,1.0,1.0,1.0,1.0,1.0,1.0,1.0
685,685,9,0,0.37,0.37,0.37,0.37,0.37,0.37,0.37,0.37,0.37,0.37
686,686,4,6,0.48,0.36,0.25,0.16,0.11,0.04,0.02,0.0,0.0,0.0
687,687,4,3,0.51,0.77,0.94,1.0,1.0,1.0,1.0,1.0,1.0,1.0
688,688,2,3,0.54,0.94,1.0,1.0,1.0,1.0,1.0,1.0,1.0,1.0
689,689,1,1,0.5,1.0,1.0,1.0,1.0,1.0,1.0,1.0,1.0,1.0
690,690,2,7,0.43,0.48,0.52,0.48,0.52,0.48,0.52,0.48,0.52,0.48
691,691,2,7,0.47,0.54,0.46,0.54,0.46,0.54,0.46,0.54,0.46,0.54
692,692,0,1,0.56,1.0,1.0,1.0,1.0,1.0,1.0,1.0,1.0,1.0
693,693,8,0,0.44,0.44,0.44,0.44,0.44,0.44,0.44,0.44,0.44,0.44
694,694,5,2,0.51,0.67,0.75,0.77,0.8,0.84,0.89,0.91,0.93,0.96
695,695,8,0,0.52,0.52,0.52,0.52,0.52,0.52,0.52,0.52,0.52,0.52
696,696,4,0,0.49,0.82,0.95,1.0,1.0,1.0,1.0,1.0,1.0,1.0
697,697,3,8,0.53,0.39,0.48,0.46,0.52,0.48,0.52,0.48,0.52,0.48
698,698,1,6,0.49,0.56,0.48,0.52,0.48,0.52,0.48,0.52,0.48,0.52
699,699,4,6,0.56,0.51,0.45,0.38,0.32,0.29,0.27,0.23,0.21,0.2
700,700,9,6,0.47,0.02,0.0,0.0,0.0,0.0,0.0,0.0,0.0,0.0
701,701,4,7,0.45,0.35,0.2,0.09,0.02,0.0,0.0,0.0,0.0,0.0
702,702,2,9,0.45,0.53,0.47,0.53,0.47,0.53,0.47,0.53,0.47,0.53
703,703,8,0,0.55,0.55,0.55,0.55,0.55,0.55,0.55,0.55,0.55,0.55
704,704,8,6,0.44,0.01,0.0,0.0,0.0,0.0,0.0,0.0,0.0,0.0
705,705,2,6,0.5,0.51,0.51,0.49,0.51,0.49,0.51,0.49,0.51,0.49
706,706,9,5,0.53,0.22,0.06,0.0,0.0,0.0,0.0,0.0,0.0,0.0
707,707,3,7,0.54,0.38,0.51,0.43,0.55,0.45,0.55,0.45,0.55,0.45
708,708,8,3,0.54,0.5,0.48,0.47,0.45,0.43,0.41,0.39,0.37,0.35
709,709,8,8,0.45,0.0,0.0,0.0,0.0,0.0,0.0,0.0,0.0,0.0
710,710,9,9,0.57,0.0,0.0,0.0,0.0,0.0,0.0,0.0,0.0,0.0
711,711,4,4,0.51,0.59,0.67,0.74,0.8,0.87,0.94,0.99,1.0,1.0
712,712,1,0,0.45,1.0,1.0,1.0,1.0,1.0,1.0,1.0,1.0,1.0
713,713,7,6,0.51,0.14,0.01,0.0,0.0,0.0,0.0,0.0,0.0,0.0
714,714,2,1,0.51,1.0,1.0,1.0,1.0,1.0,1.0,1.0,1.0,1.0
715,715,0,6,0.51,0.59,0.52,0.48,0.52,0.48,0.52,0.48,0.52,0.48
716,716,1,6,0.46,0.56,0.48,0.52,0.48,0.52,0.48,0.52,0.48,0.52
717,717,7,1,0.64,0.69,0.7,0.7,0.7,0.7,0.7,0.7,0.7,0.7
718,718,5,2,0.42,0.49,0.57,0.64,0.68,0.73,0.78,0.83,0.87,0.93
719,719,0,2,0.48,0.96,1.0,1.0,1.0,1.0,1.0,1.0,1.0,1.0
720,720,6,6,0.46,0.07,0.0,0.0,0.0,0.0,0.0,0.0,0.0,0.0
721,721,3,5,0.54,0.68,0.77,0.85,0.93,0.96,0.99,1.0,1.0,1.0
722,722,4,7,0.45,0.33,0.24,0.12,0.07,0.01,0.0,0.0,0.0,0.0
723,723,3,2,0.54,1.0,1.0,1.0,1.0,1.0,1.0,1.0,1.0,1.0
724,724,6,9,0.51,0.08,0.0,0.0,0.0,0.0,0.0,0.0,0.0,0.0
725,725,1,5,0.41,0.67,0.84,0.98,1.0,1.0,1.0,1.0,1.0,1.0
726,726,1,9,0.43,0.57,0.43,0.57,0.43,0.57,0.43,0.57,0.43,0.57
727,727,3,1,0.52,0.98,1.0,1.0,1.0,1.0,1.0,1.0,1.0,1.0
728,728,0,7,0.52,0.49,0.51,0.49,0.51,0.49,0.51,0.49,0.51,0.49
729,729,3,9,0.59,0.41,0.45,0.48,0.48,0.52,0.48,0.52,0.48,0.52
730,730,6,4,0.53,0.47,0.47,0.47,0.47,0.47,0.47,0.47,0.47,0.47
731,731,4,3,0.55,0.88,0.97,1.0,1.0,1.0,1.0,1.0,1.0,1.0
732,732,5,4,0.54,0.54,0.58,0.61,0.65,0.68,0.7,0.71,0.71,0.71
733,733,4,9,0.52,0.32,0.15,0.03,0.0,0.0,0.0,0.0,0.0,0.0
734,734,0,0,0.52,1.0,1.0,1.0,1.0,1.0,1.0,1.0,1.0,1.0
735,735,9,5,0.52,0.14,0.06,0.01,0.0,0.0,0.0,0.0,0.0,0.0
736,736,0,6,0.5,0.54,0.52,0.5,0.5,0.5,0.5,0.5,0.5,0.5
737,737,3,8,0.45,0.43,0.48,0.5,0.5,0.5,0.5,0.5,0.5,0.5
738,738,9,6,0.52,0.06,0.0,0.0,0.0,0.0,0.0,0.0,0.0,0.0
739,739,2,1,0.47,0.98,1.0,1.0,1.0,1.0,1.0,1.0,1.0,1.0
740,740,7,7,0.52,0.09,0.0,0.0,0.0,0.0,0.0,0.0,0.0,0.0
741,741,6,7,0.44,0.03,0.0,0.0,0.0,0.0,0.0,0.0,0.0,0.0
742,742,5,9,0.47,0.14,0.0,0.0,0.0,0.0,0.0,0.0,0.0,0.0
743,743,8,8,0.48,0.0,0.0,0.0,0.0,0.0,0.0,0.0,0.0,0.0
744,744,1,4,0.42,0.69,0.97,1.0,1.0,1.0,1.0,1.0,1.0,1.0
745,745,6,4,0.5,0.34,0.25,0.18,0.13,0.11,0.08,0.06,0.02,0.0
746,746,2,7,0.52,0.47,0.53,0.47,0.53,0.47,0.53,0.47,0.53,0.47
747,747,8,5,0.58,0.3,0.11,0.0,0.0,0.0,0.0,0.0,0.0,0.0
748,748,7,9,0.56,0.04,0.0,0.0,0.0,0.0,0.0,0.0,0.0,0.0
749,749,9,6,0.54,0.12,0.01,0.0,0.0,0.0,0.0,0.0,0.0,0.0
750,750,9,9,0.51,0.0,0.0,0.0,0.0,0.0,0.0,0.0,0.0,0.0
751,751,3,9,0.54,0.43,0.48,0.52,0.48,0.52,0.48,0.52,0.48,0.52
752,752,3,7,0.54,0.46,0.5,0.5,0.5,0.5,0.5,0.5,0.5,0.5
753,753,2,8,0.44,0.53,0.47,0.53,0.47,0.53,0.47,0.53,0.47,0.53
754,754,1,3,0.59,0.98,1.0,1.0,1.0,1.0,1.0,1.0,1.0,1.0
755,755,2,1,0.48,0.96,1.0,1.0,1.0,1.0,1.0,1.0,1.0,1.0
756,756,7,8,0.5,0.01,0.0,0.0,0.0,0.0,0.0,0.0,0.0,0.0
757,757,7,5,0.46,0.16,0.06,0.01,0.0,0.0,0.0,0.0,0.0,0.0
758,758,7,7,0.5,0.01,0.0,0.0,0.0,0.0,0.0,0.0,0.0,0.0
759,759,1,5,0.48,0.65,0.73,0.8,0.88,0.96,1.0,1.0,1.0,1.0
760,760,6,5,0.5,0.23,0.07,0.02,0.0,0.0,0.0,0.0,0.0,0.0
761,761,8,8,0.5,0.01,0.0,0.0,0.0,0.0,0.0,0.0,0.0,0.0
762,762,1,5,0.57,0.76,0.91,0.98,1.0,1.0,1.0,1.0,1.0,1.0
763,763,2,9,0.46,0.47,0.52,0.48,0.52,0.48,0.52,0.48,0.52,0.48
764,764,5,1,0.5,0.63,0.78,0.85,0.91,0.96,1.0,1.0,1.0,1.0
765,765,8,1,0.49,0.49,0.49,0.49,0.49,0.49,0.49,0.49,0.49,0.49
766,766,7,8,0.52,0.01,0.0,0.0,0.0,0.0,0.0,0.0,0.0,0.0
767,767,5,0,0.46,0.63,0.73,0.83,0.9,0.95,0.98,1.0,1.0,1.0
768,768,1,9,0.5,0.5,0.5,0.5,0.5,0.5,0.5,0.5,0.5,0.5
769,769,5,1,0.47,0.63,0.72,0.83,0.9,0.96,1.0,1.0,1.0,1.0
770,770,4,9,0.52,0.34,0.26,0.16,0.1,0.07,0.04,0.01,0.0,0.0
771,771,8,2,0.49,0.48,0.48,0.48,0.48,0.48,0.48,0.48,0.48,0.48
772,772,8,3,0.56,0.53,0.53,0.53,0.53,0.53,0.53,0.53,0.53,0.53
773,773,3,7,0.51,0.42,0.52,0.48,0.52,0.48,0.52,0.48,0.52,0.48
774,774,4,8,0.42,0.29,0.21,0.1,0.0,0.0,0.0,0.0,0.0,0.0
775,775,3,3,0.55,0.94,1.0,1.0,1.0,1.0,1.0,1.0,1.0,1.0
776,776,1,7,0.47,0.55,0.51,0.49,0.51,0.49,0.51,0.49,0.51,0.49
777,777,5,5,0.54,0.46,0.34,0.21,0.07,0.0,0.0,0.0,0.0,0.0
778,778,7,7,0.53,0.05,0.0,0.0,0.0,0.0,0.0,0.0,0.0,0.0
779,779,3,2,0.52,0.95,1.0,1.0,1.0,1.0,1.0,1.0,1.0,1.0
780,780,1,2,0.56,0.99,1.0,1.0,1.0,1.0,1.0,1.0,1.0,1.0
781,781,9,5,0.51,0.17,0.0,0.0,0.0,0.0,0.0,0.0,0.0,0.0
782,782,8,8,0.44,0.0,0.0,0.0,0.0,0.0,0.0,0.0,0.0,0.0
783,783,8,2,0.47,0.46,0.46,0.46,0.46,0.46,0.46,0.46,0.46,0.46
784,784,2,8,0.6,0.4,0.57,0.43,0.57,0.43,0.57,0.43,0.57,0.43
785,785,4,1,0.49,0.85,0.99,1.0,1.0,1.0,1.0,1.0,1.0,1.0
786,786,1,0,0.52,1.0,1.0,1.0,1.0,1.0,1.0,1.0,1.0,1.0
787,787,2,1,0.54,0.99,1.0,1.0,1.0,1.0,1.0,1.0,1.0,1.0
788,788,7,0,0.54,0.56,0.56,0.56,0.56,0.56,0.56,0.56,0.56,0.56
789,789,2,9,0.61,0.39,0.52,0.48,0.52,0.48,0.52,0.48,0.52,0.48
790,790,3,4,0.5,0.74,0.95,1.0,1.0,1.0,1.0,1.0,1.0,1.0
791,791,9,3,0.52,0.49,0.47,0.45,0.43,0.42,0.41,0.4,0.39,0.38
792,792,0,0,0.46,1.0,1.0,1.0,1.0,1.0,1.0,1.0,1.0,1.0
793,793,6,4,0.48,0.41,0.37,0.35,0.31,0.27,0.25,0.22,0.19,0.17
794,794,3,3,0.43,0.74,0.94,1.0,1.0,1.0,1.0,1.0,1.0,1.0
795,795,1,0,0.46,1.0,1.0,1.0,1.0,1.0,1.0,1.0,1.0,1.0
796,796,7,8,0.61,0.07,0.0,0.0,0.0,0.0,0.0,0.0,0.0,0.0
797,797,6,2,0.5,0.57,0.6,0.61,0.61,0.61,0.61,0.61,0.61,0.61
798,798,8,8,0.51,0.0,0.0,0.0,0.0,0.0,0.0,0.0,0.0,0.0
799,799,9,6,0.45,0.03,0.0,0.0,0.0,0.0,0.0,0.0,0.0,0.0
800,800,4,1,0.5,0.85,0.97,1.0,1.0,1.0,1.0,1.0,1.0,1.0
801,801,8,5,0.52,0.2,0.0,0.0,0.0,0.0,0.0,0.0,0.0,0.0
802,802,4,3,0.53,0.81,0.94,1.0,1.0,1.0,1.0,1.0,1.0,1.0
803,803,5,7,0.43,0.13,0.0,0.0,0.0,0.0,0.0,0.0,0.0,0.0
804,804,6,6,0.45,0.08,0.0,0.0,0.0,0.0,0.0,0.0,0.0,0.0
805,805,9,3,0.45,0.35,0.31,0.28,0.26,0.25,0.25,0.25,0.25,0.25
806,806,3,2,0.48,0.89,1.0,1.0,1.0,1.0,1.0,1.0,1.0,1.0
807,807,7,3,0.45,0.33,0.27,0.24,0.19,0.19,0.19,0.19,0.19,0.19
808,808,9,9,0.39,0.0,0.0,0.0,0.0,0.0,0.0,0.0,0.0,0.0
809,809,5,9,0.53,0.2,0.01,0.0,0.0,0.0,0.0,0.0,0.0,0.0
810,810,8,3,0.61,0.58,0.57,0.57,0.57,0.57,0.57,0.57,0.57,0.57
811,811,8,5,0.43,0.11,0.03,0.0,0.0,0.0,0.0,0.0,0.0,0.0
812,812,9,0,0.53,0.53,0.53,0.53,0.53,0.53,0.53,0.53,0.53,0.53
813,813,7,0,0.52,0.53,0.53,0.53,0.53,0.53,0.53,0.53,0.53,0.53
814,814,1,6,0.59,0.59,0.49,0.52,0.48,0.52,0.48,0.52,0.48,0.52
815,815,6,4,0.54,0.49,0.47,0.45,0.44,0.42,0.41,0.4,0.4,0.4
816,816,5,7,0.4,0.1,0.0,0.0,0.0,0.0,0.0,0.0,0.0,0.0
817,817,6,0,0.49,0.55,0.57,0.59,0.59,0.59,0.59,0.59,0.59,0.59
818,818,1,6,0.51,0.57,0.5,0.5,0.5,0.5,0.5,0.5,0.5,0.5
819,819,6,4,0.5,0.31,0.23,0.19,0.13,0.1,0.08,0.05,0.01,0.0
820,820,2,2,0.47,0.95,1.0,1.0,1.0,1.0,1.0,1.0,1.0,1.0
821,821,4,4,0.51,0.68,0.79,0.87,0.93,0.99,1.0,1.0,1.0,1.0
822,822,3,1,0.46,0.89,1.0,1.0,1.0,1.0,1.0,1.0,1.0,1.0
823,823,0,6,0.65,0.62,0.56,0.57,0.5,0.52,0.48,0.52,0.48,0.52
824,824,6,0,0.42,0.47,0.51,0.54,0.54,0.54,0.54,0.54,0.54,0.54
825,825,9,8,0.54,0.0,0.0,0.0,0.0,0.0,0.0,0.0,0.0,0.0
826,826,9,5,0.5,0.1,0.0,0.0,0.0,0.0,0.0,0.0,0.0,0.0
827,827,2,9,0.49,0.49,0.51,0.49,0.51,0.49,0.51,0.49,0.51,0.49
828,828,8,4,0.49,0.37,0.27,0.2,0.12,0.04,0.0,0.0,0.0,0.0
829,829,4,0,0.5,0.83,0.97,1.0,1.0,1.0,1.0,1.0,1.0,1.0
830,830,2,5,0.58,0.69,0.75,0.87,0.94,0.99,1.0,1.0,1.0,1.0
831,831,7,7,0.5,0.03,0.0,0.0,0.0,0.0,0.0,0.0,0.0,0.0
832,832,1,3,0.46,0.91,1.0,1.0,1.0,1.0,1.0,1.0,1.0,1.0
833,833,2,0,0.58,1.0,1.0,1.0,1.0,1.0,1.0,1.0,1.0,1.0
834,834,3,2,0.42,0.86,1.0,1.0,1.0,1.0,1.0,1.0,1.0,1.0
835,835,2,2,0.47,0.9,0.99,1.0,1.0,1.0,1.0,1.0,1.0,1.0
836,836,3,5,0.48,0.6,0.61,0.67,0.7,0.77,0.82,0.89,0.95,0.99
837,837,1,7,0.51,0.5,0.52,0.48,0.52,0.48,0.52,0.48,0.52,0.48
838,838,5,3,0.55,0.71,0.82,0.88,0.94,0.97,1.0,1.0,1.0,1.0
839,839,9,3,0.54,0.49,0.47,0.45,0.45,0.45,0.45,0.45,0.45,0.45
840,840,0,6,0.5,0.55,0.51,0.5,0.5,0.5,0.5,0.5,0.5,0.5
841,841,3,6,0.53,0.54,0.51,0.49,0.51,0.49,0.51,0.49,0.51,0.49
842,842,9,5,0.49,0.18,0.02,0.0,0.0,0.0,0.0,0.0,0.0,0.0
843,843,1,9,0.45,0.54,0.46,0.54,0.46,0.54,0.46,0.54,0.46,0.54
844,844,3,3,0.51,0.83,0.98,1.0,1.0,1.0,1.0,1.0,1.0,1.0
845,845,9,7,0.43,0.0,0.0,0.0,0.0,0.0,0.0,0.0,0.0,0.0
846,846,8,4,0.43,0.21,0.04,0.0,0.0,0.0,0.0,0.0,0.0,0.0
847,847,7,8,0.5,0.02,0.0,0.0,0.0,0.0,0.0,0.0,0.0,0.0
848,848,9,4,0.49,0.33,0.25,0.2,0.17,0.15,0.13,0.11,0.09,0.07
849,849,1,5,0.49,0.6,0.65,0.69,0.75,0.8,0.86,0.92,0.97,1.0
850,850,0,3,0.51,0.92,1.0,1.0,1.0,1.0,1.0,1.0,1.0,1.0
851,851,6,3,0.53,0.62,0.63,0.64,0.65,0.66,0.67,0.67,0.67,0.67
852,852,0,3,0.56,0.97,1.0,1.0,1.0,1.0,1.0,1.0,1.0,1.0
853,853,6,9,0.51,0.08,0.0,0.0,0.0,0.0,0.0,0.0,0.0,0.0
854,854,5,1,0.58,0.82,0.99,1.0,1.0,1.0,1.0,1.0,1.0,1.0
855,855,7,3,0.38,0.22,0.19,0.16,0.15,0.15,0.15,0.15,0.15,0.15
856,856,4,7,0.47,0.32,0.21,0.13,0.07,0.03,0.0,0.0,0.0,0.0
857,857,0,3,0.55,0.92,1.0,1.0,1.0,1.0,1.0,1.0,1.0,1.0
858,858,5,6,0.48,0.24,0.05,0.0,0.0,0.0,0.0,0.0,0.0,0.0
859,859,6,7,0.45,0.05,0.0,0.0,0.0,0.0,0.0,0.0,0.0,0.0
860,860,4,7,0.59,0.4,0.27,0.17,0.11,0.06,0.02,0.0,0.0,0.0
861,861,2,0,0.44,0.97,1.0,1.0,1.0,1.0,1.0,1.0,1.0,1.0
862,862,1,6,0.59,0.56,0.49,0.51,0.49,0.51,0.49,0.51,0.49,0.51
863,863,5,9,0.53,0.21,0.01,0.0,0.0,0.0,0.0,0.0,0.0,0.0
864,864,4,8,0.47,0.28,0.17,0.1,0.05,0.01,0.0,0.0,0.0,0.0
865,865,7,8,0.47,0.01,0.0,0.0,0.0,0.0,0.0,0.0,0.0,0.0
866,866,6,1,0.53,0.68,0.74,0.8,0.84,0.85,0.85,0.85,0.85,0.85
867,867,4,8,0.46,0.33,0.24,0.18,0.14,0.12,0.1,0.1,0.1,0.1
868,868,5,1,0.5,0.64,0.75,0.85,0.89,0.92,0.96,1.0,1.0,1.0
869,869,6,2,0.5,0.57,0.59,0.6,0.61,0.63,0.65,0.67,0.68,0.69
870,870,7,5,0.5,0.19,0.04,0.0,0.0,0.0,0.0,0.0,0.0,0.0
871,871,7,9,0.51,0.02,0.0,0.0,0.0,0.0,0.0,0.0,0.0,0.0
872,872,6,6,0.42,0.05,0.0,0.0,0.0,0.0,0.0,0.0,0.0,0.0
873,873,3,9,0.49,0.48,0.5,0.5,0.5,0.5,0.5,0.5,0.5,0.5
874,874,9,3,0.48,0.42,0.37,0.33,0.32,0.31,0.3,0.28,0.27,0.27
875,875,4,4,0.6,0.84,0.97,1.0,1.0,1.0,1.0,1.0,1.0,1.0
876,876,1,3,0.49,0.89,1.0,1.0,1.0,1.0,1.0,1.0,1.0,1.0
877,877,9,5,0.5,0.2,0.07,0.0,0.0,0.0,0.0,0.0,0.0,0.0
878,878,1,9,0.46,0.52,0.48,0.52,0.48,0.52,0.48,0.52,0.48,0.52
879,879,7,5,0.52,0.23,0.07,0.02,0.0,0.0,0.0,0.0,0.0,0.0
880,880,4,2,0.46,0.81,0.96,1.0,1.0,1.0,1.0,1.0,1.0,1.0
881,881,0,8,0.48,0.52,0.48,0.52,0.48,0.52,0.48,0.52,0.48,0.52
882,882,7,1,0.51,0.51,0.51,0.51,0.51,0.51,0.51,0.51,0.51,0.51
883,883,1,1,0.46,0.97,1.0,1.0,1.0,1.0,1.0,1.0,1.0,1.0
884,884,9,7,0.49,0.0,0.0,0.0,0.0,0.0,0.0,0.0,0.0,0.0
885,885,4,8,0.49,0.29,0.15,0.07,0.01,0.0,0.0,0.0,0.0,0.0
886,886,6,1,0.48,0.52,0.54,0.55,0.55,0.55,0.55,0.55,0.55,0.55
887,887,2,8,0.54,0.46,0.54,0.46,0.54,0.46,0.54,0.46,0.54,0.46
888,888,4,7,0.47,0.33,0.23,0.14,0.07,0.02,0.0,0.0,0.0,0.0
889,889,9,8,0.54,0.0,0.0,0.0,0.0,0.0,0.0,0.0,0.0,0.0
890,890,8,3,0.52,0.47,0.44,0.4,0.39,0.38,0.37,0.36,0.35,0.34
891,891,2,5,0.49,0.62,0.65,0.66,0.69,0.71,0.74,0.77,0.8,0.84
892,892,6,4,0.49,0.44,0.38,0.36,0.35,0.34,0.33,0.31,0.29,0.27
893,893,5,7,0.55,0.28,0.02,0.0,0.0,0.0,0.0,0.0,0.0,0.0
894,894,9,0,0.49,0.49,0.49,0.49,0.49,0.49,0.49,0.49,0.49,0.49
895,895,3,5,0.54,0.65,0.78,0.87,0.91,0.94,0.98,1.0,1.0,1.0
896,896,5,7,0.5,0.2,0.0,0.0,0.0,0.0,0.0,0.0,0.0,0.0
897,897,8,0,0.48,0.48,0.48,0.48,0.48,0.48,0.48,0.48,0.48,0.48
898,898,2,6,0.48,0.6,0.51,0.49,0.51,0.49,0.51,0.49,0.51,0.49
899,899,5,1,0.47,0.62,0.78,0.88,0.92,0.96,1.0,1.0,1.0,1.0
900,900,5,1,0.5,0.68,0.77,0.84,0.89,0.92,0.96,1.0,1.0,1.0
901,901,9,2,0.44,0.41,0.41,0.41,0.41,0.41,0.41,0.41,0.41,0.41
902,902,3,0,0.59,0.93,1.0,1.0,1.0,1.0,1.0,1.0,1.0,1.0
903,903,3,0,0.51,0.97,1.0,1.0,1.0,1.0,1.0,1.0,1.0,1.0
904,904,1,2,0.41,0.96,1.0,1.0,1.0,1.0,1.0,1.0,1.0,1.0
905,905,2,3,0.52,0.89,1.0,1.0,1.0,1.0,1.0,1.0,1.0,1.0
906,906,4,5,0.55,0.65,0.72,0.75,0.78,0.82,0.86,0.9,0.93,0.96
907,907,8,5,0.53,0.18,0.07,0.02,0.0,0.0,0.0,0.0,0.0,0.0
908,908,1,6,0.53,0.57,0.5,0.5,0.5,0.5,0.5,0.5,0.5,0.5
909,909,1,9,0.53,0.47,0.53,0.47,0.53,0.47,0.53,0.47,0.53,0.47
910,910,6,1,0.55,0.62,0.68,0.73,0.75,0.78,0.83,0.88,0.88,0.88
911,911,5,6,0.47,0.22,0.02,0.0,0.0,0.0,0.0,0.0,0.0,0.0
912,912,2,2,0.47,0.94,1.0,1.0,1.0,1.0,1.0,1.0,1.0,1.0
913,913,9,2,0.54,0.51,0.5,0.5,0.5,0.5,0.5,0.5,0.5,0.5
914,914,8,6,0.42,0.03,0.0,0.0,0.0,0.0,0.0,0.0,0.0,0.0
915,915,3,4,0.51,0.77,0.98,1.0,1.0,1.0,1.0,1.0,1.0,1.0
916,916,1,6,0.54,0.57,0.5,0.51,0.49,0.51,0.49,0.51,0.49,0.51
917,917,6,8,0.46,0.02,0.0,0.0,0.0,0.0,0.0,0.0,0.0,0.0
918,918,8,8,0.54,0.0,0.0,0.0,0.0,0.0,0.0,0.0,0.0,0.0
919,919,5,2,0.4,0.47,0.57,0.66,0.74,0.81,0.91,0.96,1.0,1.0
920,920,2,5,0.5,0.64,0.76,0.89,0.95,0.99,1.0,1.0,1.0,1.0
921,921,9,5,0.56,0.23,0.12,0.04,0.0,0.0,0.0,0.0,0.0,0.0
922,922,4,1,0.52,0.85,0.94,0.99,1.0,1.0,1.0,1.0,1.0,1.0
923,923,1,8,0.41,0.59,0.41,0.59,0.41,0.59,0.41,0.59,0.41,0.59
924,924,8,3,0.43,0.29,0.22,0.18,0.17,0.17,0.17,0.17,0.17,0.17
925,925,0,9,0.49,0.51,0.49,0.51,0.49,0.51,0.49,0.51,0.49,0.51
926,926,2,9,0.46,0.54,0.45,0.55,0.45,0.55,0.45,0.55,0.45,0.55
927,927,3,6,0.48,0.43,0.55,0.45,0.55,0.45,0.55,0.45,0.55,0.45
928,928,4,7,0.54,0.36,0.27,0.15,0.07,0.0,0.0,0.0,0.0,0.0
929,929,5,5,0.51,0.38,0.26,0.15,0.08,0.02,0.0,0.0,0.0,0.0
930,930,3,8,0.53,0.45,0.49,0.51,0.49,0.51,0.49,0.51,0.49,0.51
931,931,7,1,0.47,0.48,0.49,0.49,0.49,0.49,0.49,0.49,0.49,0.49
932,932,7,5,0.61,0.46,0.35,0.27,0.18,0.11,0.05,0.0,0.0,0.0
933,933,4,0,0.5,0.82,0.92,0.98,1.0,1.0,1.0,1.0,1.0,1.0
934,934,5,7,0.56,0.22,0.0,0.0,0.0,0.0,0.0,0.0,0.0,0.0
935,935,8,1,0.45,0.46,0.46,0.46,0.46,0.46,0.46,0.46,0.46,0.46
936,936,6,6,0.45,0.06,0.0,0.0,0.0,0.0,0.0,0.0,0.0,0.0
937,937,9,0,0.41,0.41,0.41,0.41,0.41,0.41,0.41,0.41,0.41,0.41
938,938,2,8,0.46,0.53,0.47,0.53,0.47,0.53,0.47,0.53,0.47,0.53
939,939,6,6,0.47,0.09,0.01,0.0,0.0,0.0,0.0,0.0,0.0,0.0
940,940,3,4,0.51,0.72,0.86,0.98,1.0,1.0,1.0,1.0,1.0,1.0
941,941,4,4,0.55,0.72,0.83,0.89,0.94,0.98,1.0,1.0,1.0,1.0
942,942,1,4,0.46,0.76,0.98,1.0,1.0,1.0,1.0,1.0,1.0,1.0
943,943,3,8,0.53,0.45,0.43,0.48,0.47,0.53,0.47,0.53,0.47,0.53
944,944,9,2,0.41,0.38,0.38,0.38,0.38,0.38,0.38,0.38,0.38,0.38
945,945,1,7,0.44,0.58,0.45,0.55,0.45,0.55,0.45,0.55,0.45,0.55
946,946,8,3,0.53,0.48,0.45,0.44,0.43,0.43,0.43,0.43,0.43,0.43
947,947,3,9,0.47,0.4,0.44,0.47,0.49,0.51,0.49,0.51,0.49,0.51
948,948,0,7,0.41,0.59,0.42,0.58,0.42,0.58,0.42,0.58,0.42,0.58
949,949,7,5,0.48,0.15,0.05,0.0,0.0,0.0,0.0,0.0,0.0,0.0
950,950,3,7,0.56,0.44,0.51,0.48,0.52,0.48,0.52,0.48,0.52,0.48
951,951,8,5,0.53,0.24,0.06,0.0,0.0,0.0,0.0,0.0,0.0,0.0
952,952,5,1,0.48,0.65,0.79,0.97,1.0,1.0,1.0,1.0,1.0,1.0
953,953,7,6,0.45,0.07,0.0,0.0,0.0,0.0,0.0,0.0,0.0,0.0
954,954,1,8,0.54,0.47,0.53,0.47,0.53,0.47,0.53,0.47,0.53,0.47
955,955,1,2,0.47,0.98,1.0,1.0,1.0,1.0,1.0,1.0,1.0,1.0
956,956,0,2,0.49,0.98,1.0,1.0,1.0,1.0,1.0,1.0,1.0,1.0
957,957,4,4,0.42,0.48,0.54,0.57,0.61,0.65,0.68,0.69,0.7,0.7
958,958,8,4,0.56,0.41,0.3,0.24,0.19,0.16,0.13,0.09,0.05,0.01
959,959,7,5,0.51,0.21,0.08,0.02,0.0,0.0,0.0,0.0,0.0,0.0
960,960,2,3,0.45,0.85,1.0,1.0,1.0,1.0,1.0,1.0,1.0,1.0
961,961,0,7,0.57,0.46,0.54,0.46,0.54,0.46,0.54,0.46,0.54,0.46
962,962,9,6,0.54,0.14,0.02,0.0,0.0,0.0,0.0,0.0,0.0,0.0
963,963,9,8,0.37,0.0,0.0,0.0,0.0,0.0,0.0,0.0,0.0,0.0
964,964,1,7,0.53,0.49,0.51,0.49,0.51,0.49,0.51,0.49,0.51,0.49
965,965,6,8,0.47,0.12,0.0,0.0,0.0,0.0,0.0,0.0,0.0,0.0
966,966,4,3,0.48,0.74,0.91,1.0,1.0,1.0,1.0,1.0,1.0,1.0
967,967,5,2,0.5,0.66,0.73,0.78,0.83,0.87,0.9,0.92,0.95,0.99
968,968,0,1,0.56,1.0,1.0,1.0,1.0,1.0,1.0,1.0,1.0,1.0
969,969,4,0,0.46,0.79,0.95,1.0,1.0,1.0,1.0,1.0,1.0,1.0
970,970,5,8,0.41,0.11,0.0,0.0,0.0,0.0,0.0,0.0,0.0,0.0
971,971,3,9,0.49,0.44,0.49,0.51,0.49,0.51,0.49,0.51,0.49,0.51
972,972,1,5,0.55,0.72,0.85,0.93,0.98,1.0,1.0,1.0,1.0,1.0
973,973,9,0,0.48,0.48,0.48,0.48,0.48,0.48,0.48,0.48,0.48,0.48
974,974,8,1,0.56,0.56,0.56,0.56,0.56,0.56,0.56,0.56,0.56,0.56
975,975,6,9,0.57,0.11,0.0,0.0,0.0,0.0,0.0,0.0,0.0,0.0
976,976,7,1,0.48,0.5,0.51,0.51,0.51,0.51,0.51,0.51,0.51,0.51
977,977,4,9,0.48,0.3,0.2,0.11,0.04,0.02,0.0,0.0,0.0,0.0
978,978,8,6,0.5,0.08,0.0,0.0,0.0,0.0,0.0,0.0,0.0,0.0
979,979,7,5,0.54,0.25,0.1,0.01,0.0,0.0,0.0,0.0,0.0,0.0
980,980,7,8,0.51,0.02,0.0,0.0,0.0,0.0,0.0,0.0,0.0,0.0
981,981,5,1,0.49,0.64,0.75,0.86,0.93,0.98,1.0,1.0,1.0,1.0
982,982,4,7,0.46,0.33,0.27,0.17,0.09,0.05,0.01,0.0,0.0,0.0
983,983,8,7,0.53,0.06,0.0,0.0,0.0,0.0,0.0,0.0,0.0,0.0
984,984,7,9,0.47,0.01,0.0,0.0,0.0,0.0,0.0,0.0,0.0,0.0
985,985,9,0,0.47,0.47,0.47,0.47,0.47,0.47,0.47,0.47,0.47,0.47
986,986,6,3,0.53,0.58,0.61,0.63,0.63,0.63,0.63,0.63,0.63,0.63
987,987,7,2,0.58,0.62,0.64,0.65,0.66,0.67,0.68,0.68,0.68,0.68
988,988,6,3,0.43,0.36,0.33,0.31,0.29,0.28,0.28,0.28,0.28,0.28
989,989,5,8,0.52,0.2,0.01,0.0,0.0,0.0,0.0,0.0,0.0,0.0
990,990,9,5,0.53,0.21,0.09,0.03,0.0,0.0,0.0,0.0,0.0,0.0
991,991,0,6,0.51,0.56,0.51,0.52,0.48,0.52,0.48,0.52,0.48,0.52
992,992,9,1,0.53,0.52,0.52,0.52,0.52,0.52,0.52,0.52,0.52,0.52
993,993,4,7,0.42,0.29,0.19,0.1,0.01,0.0,0.0,0.0,0.0,0.0
994,994,5,2,0.45,0.56,0.65,0.74,0.76,0.78,0.79,0.8,0.82,0.83
995,995,6,4,0.42,0.24,0.19,0.16,0.13,0.1,0.06,0.03,0.0,0.0
996,996,7,3,0.49,0.48,0.44,0.44,0.44,0.44,0.44,0.44,0.44,0.44
997,997,6,7,0.51,0.09,0.0,0.0,0.0,0.0,0.0,0.0,0.0,0.0
998,998,0,6,0.47,0.56,0.54,0.46,0.54,0.46,0.54,0.46,0.54,0.46
999,999,4,2,0.44,0.67,0.78,0.86,0.93,0.98,1.0,1.0,1.0,1.0
