,id,B,S,Bl,Bt,Sl,St,0,1,2,3,4,5,6,7,8,9
0,0,"(0, 5)","(3, 3)",0,5,3,3,0.53,0.53,0.47,0.55,0.47,0.54,0.47,0.54,0.47,0.53
1,1,"(7, 9)","(3, 5)",7,9,3,5,0.47,0.39,0.28,0.21,0.18,0.15,0.1,0.08,0.05,0.03
2,2,"(2, 4)","(6, 7)",2,4,6,7,0.47,0.4,0.4,0.31,0.51,0.22,0.26,0.45,0.26,0.35
3,3,"(8, 8)","(1, 6)",8,8,1,6,0.5,0.5,0.5,0.5,0.5,0.5,0.5,0.5,0.5,0.5
4,4,"(7, 7)","(1, 8)",7,7,1,8,0.44,0.44,0.44,0.44,0.44,0.44,0.44,0.44,0.44,0.44
5,5,"(5, 9)","(8, 9)",5,9,8,9,0.54,0.27,0.02,0.0,0.0,0.0,0.0,0.0,0.0,0.0
6,6,"(3, 4)","(0, 3)",3,4,0,3,0.39,0.64,0.25,0.29,0.32,0.38,0.41,0.36,0.35,0.44
7,7,"(0, 5)","(2, 3)",0,5,2,3,0.44,0.74,0.21,0.91,0.04,1.0,0.0,1.0,0.0,1.0
8,8,"(1, 8)","(3, 3)",1,8,3,3,0.47,0.67,0.37,0.63,0.39,0.64,0.37,0.68,0.34,0.67
9,9,"(3, 7)","(0, 1)",3,7,0,1,0.52,0.44,0.46,0.59,0.4,0.44,0.44,0.52,0.43,0.48
10,10,"(9, 9)","(0, 4)",9,9,0,4,0.53,0.35,0.35,0.35,0.35,0.35,0.35,0.35,0.35,0.35
11,11,"(3, 7)","(2, 7)",3,7,2,7,0.49,0.89,0.39,0.58,0.66,0.8,0.64,0.78,0.68,0.63
12,12,"(0, 2)","(0, 4)",0,2,0,4,0.48,0.4,0.5,0.48,0.48,0.48,0.48,0.48,0.48,0.48
13,13,"(5, 5)","(6, 8)",5,5,6,8,0.48,0.16,0.01,0.0,0.0,0.0,0.0,0.0,0.0,0.0
14,14,"(1, 4)","(4, 9)",1,4,4,9,0.5,0.58,0.68,0.73,0.8,0.8,0.8,0.8,0.8,0.8
15,15,"(1, 8)","(1, 7)",1,8,1,7,0.58,0.99,0.09,0.24,0.49,0.56,0.91,0.24,0.49,0.56
16,16,"(9, 9)","(3, 6)",9,9,3,6,0.55,0.48,0.46,0.45,0.45,0.45,0.45,0.45,0.45,0.45
17,17,"(2, 7)","(0, 3)",2,7,0,3,0.48,0.75,0.24,0.41,0.5,0.66,0.33,0.41,0.53,0.49
18,18,"(5, 9)","(4, 4)",5,9,4,4,0.42,0.2,0.05,0.0,0.0,0.0,0.0,0.0,0.0,0.0
19,19,"(4, 6)","(3, 4)",4,6,3,4,0.44,0.53,0.29,0.28,0.18,0.12,0.11,0.08,0.08,0.04
20,20,"(4, 4)","(4, 8)",4,4,4,8,0.44,0.38,0.29,0.29,0.29,0.29,0.31,0.32,0.34,0.36
21,21,"(3, 7)","(5, 5)",3,7,5,5,0.47,0.53,0.56,0.56,0.5,0.47,0.53,0.5,0.51,0.48
22,22,"(0, 1)","(5, 9)",0,1,5,9,0.45,0.14,0.64,0.69,0.61,0.66,0.6,0.57,0.59,0.57
23,23,"(0, 3)","(0, 5)",0,3,0,5,0.55,0.52,0.54,0.49,0.54,0.5,0.52,0.52,0.52,0.52
24,24,"(1, 2)","(2, 4)",1,2,2,4,0.48,0.39,0.38,0.49,0.38,0.5,0.38,0.49,0.42,0.43
25,25,"(0, 3)","(0, 2)",0,3,0,2,0.49,0.27,0.74,0.18,0.81,0.13,0.86,0.07,0.93,0.02
26,26,"(5, 7)","(0, 9)",5,7,0,9,0.46,0.58,0.65,0.71,0.76,0.83,0.89,0.91,0.94,0.97
27,27,"(2, 7)","(2, 9)",2,7,2,9,0.5,0.98,0.98,0.98,0.98,0.98,0.98,0.98,0.98,0.98
28,28,"(2, 3)","(2, 3)",2,3,2,3,0.43,0.5,0.31,0.58,0.2,0.25,0.44,0.34,0.39,0.54
29,29,"(3, 4)","(1, 2)",3,4,1,2,0.47,0.45,0.22,0.25,0.25,0.27,0.27,0.35,0.26,0.38
30,30,"(1, 9)","(4, 6)",1,9,4,6,0.59,0.85,0.39,0.68,0.82,0.51,0.78,0.64,0.69,0.69
31,31,"(2, 8)","(0, 3)",2,8,0,3,0.47,0.75,0.24,0.49,0.49,0.57,0.45,0.56,0.53,0.46
32,32,"(0, 6)","(0, 6)",0,6,0,6,0.54,0.97,0.0,1.0,0.0,1.0,0.0,1.0,0.0,1.0
33,33,"(3, 3)","(8, 8)",3,3,8,8,0.59,0.04,0.0,0.0,0.0,0.0,0.0,0.0,0.0,0.0
34,34,"(2, 8)","(2, 3)",2,8,2,3,0.51,0.63,0.38,0.52,0.53,0.47,0.62,0.39,0.49,0.44
35,35,"(0, 8)","(3, 8)",0,8,3,8,0.55,0.95,1.0,1.0,1.0,1.0,1.0,1.0,1.0,1.0
36,36,"(2, 8)","(4, 8)",2,8,4,8,0.41,0.67,0.89,0.99,1.0,1.0,1.0,1.0,1.0,1.0
37,37,"(0, 3)","(3, 4)",0,3,3,4,0.51,0.36,0.63,0.18,0.82,0.05,0.94,0.0,1.0,0.0
38,38,"(6, 9)","(0, 8)",6,9,0,8,0.47,0.52,0.56,0.57,0.57,0.57,0.57,0.57,0.57,0.57
39,39,"(5, 8)","(0, 9)",5,8,0,9,0.54,0.79,0.92,1.0,1.0,1.0,1.0,1.0,1.0,1.0
40,40,"(6, 9)","(3, 5)",6,9,3,5,0.5,0.45,0.33,0.2,0.15,0.12,0.1,0.09,0.08,0.08
41,41,"(1, 8)","(0, 4)",1,8,0,4,0.51,0.8,0.23,0.64,0.47,0.6,0.54,0.58,0.46,0.6
42,42,"(6, 9)","(5, 7)",6,9,5,7,0.51,0.27,0.1,0.02,0.0,0.0,0.0,0.0,0.0,0.0
43,43,"(8, 8)","(2, 9)",8,8,2,9,0.45,0.44,0.44,0.44,0.44,0.44,0.44,0.44,0.44,0.44
44,44,"(6, 8)","(6, 9)",6,8,6,9,0.48,0.06,0.0,0.0,0.0,0.0,0.0,0.0,0.0,0.0
45,45,"(1, 6)","(8, 8)",1,6,8,8,0.46,0.54,0.43,0.54,0.46,0.54,0.46,0.54,0.46,0.54
46,46,"(2, 3)","(3, 6)",2,3,3,6,0.49,0.63,0.61,0.6,0.63,0.62,0.62,0.62,0.62,0.62
47,47,"(3, 6)","(5, 7)",3,6,5,7,0.4,0.45,0.51,0.43,0.51,0.46,0.46,0.5,0.44,0.51
48,48,"(0, 8)","(4, 6)",0,8,4,6,0.53,0.8,0.54,0.83,0.42,0.82,0.47,0.82,0.45,0.82
49,49,"(5, 8)","(2, 3)",5,8,2,3,0.4,0.33,0.09,0.03,0.03,0.03,0.03,0.03,0.03,0.03
50,50,"(7, 9)","(3, 5)",7,9,3,5,0.52,0.45,0.39,0.35,0.29,0.24,0.22,0.21,0.2,0.19
51,51,"(4, 5)","(3, 3)",4,5,3,3,0.4,0.33,0.2,0.03,0.0,0.0,0.0,0.0,0.0,0.0
52,52,"(7, 9)","(9, 9)",7,9,9,9,0.5,0.0,0.0,0.0,0.0,0.0,0.0,0.0,0.0,0.0
53,53,"(3, 7)","(2, 3)",3,7,2,3,0.59,0.47,0.52,0.51,0.53,0.44,0.64,0.29,0.48,0.26
54,54,"(7, 9)","(5, 7)",7,9,5,7,0.47,0.11,0.01,0.0,0.0,0.0,0.0,0.0,0.0,0.0
55,55,"(1, 2)","(2, 8)",1,2,2,8,0.61,0.6,0.62,0.62,0.61,0.61,0.6,0.62,0.61,0.63
56,56,"(1, 5)","(4, 8)",1,5,4,8,0.53,0.79,0.82,0.82,0.82,0.82,0.82,0.82,0.82,0.82
57,57,"(0, 2)","(5, 5)",0,2,5,5,0.53,0.15,0.76,0.16,0.76,0.1,0.87,0.08,0.88,0.08
58,58,"(0, 8)","(1, 1)",0,8,1,1,0.56,0.44,0.58,0.42,0.58,0.42,0.58,0.42,0.58,0.42
59,59,"(0, 3)","(8, 8)",0,3,8,8,0.5,0.14,0.84,0.39,0.54,0.37,0.54,0.34,0.62,0.33
60,60,"(4, 4)","(0, 9)",4,4,0,9,0.44,0.58,0.65,0.7,0.71,0.73,0.75,0.76,0.76,0.76
61,61,"(3, 7)","(2, 3)",3,7,2,3,0.49,0.51,0.49,0.59,0.37,0.46,0.52,0.3,0.37,0.49
62,62,"(1, 1)","(1, 2)",1,1,1,2,0.47,0.07,0.3,0.2,0.28,0.28,0.29,0.22,0.38,0.28
63,63,"(2, 4)","(5, 5)",2,4,5,5,0.51,0.37,0.53,0.39,0.47,0.35,0.47,0.4,0.45,0.42
64,64,"(2, 5)","(5, 7)",2,5,5,7,0.56,0.58,0.59,0.61,0.55,0.63,0.64,0.64,0.64,0.64
65,65,"(6, 7)","(1, 6)",6,7,1,6,0.5,0.55,0.5,0.53,0.52,0.52,0.56,0.47,0.49,0.48
66,66,"(2, 7)","(1, 3)",2,7,1,3,0.5,0.68,0.39,0.45,0.63,0.3,0.64,0.33,0.53,0.53
67,67,"(5, 9)","(9, 9)",5,9,9,9,0.57,0.24,0.01,0.0,0.0,0.0,0.0,0.0,0.0,0.0
68,68,"(0, 2)","(1, 9)",0,2,1,9,0.5,0.55,0.55,0.55,0.55,0.55,0.55,0.55,0.55,0.55
69,69,"(0, 9)","(0, 6)",0,9,0,6,0.56,0.89,0.3,0.88,0.3,0.88,0.3,0.88,0.3,0.88
70,70,"(4, 8)","(3, 4)",4,8,3,4,0.52,0.62,0.49,0.31,0.29,0.21,0.22,0.17,0.16,0.11
71,71,"(3, 8)","(7, 8)",3,8,7,8,0.45,0.45,0.48,0.5,0.5,0.5,0.5,0.5,0.5,0.5
72,72,"(0, 3)","(7, 8)",0,3,7,8,0.5,0.31,0.64,0.31,0.62,0.52,0.43,0.46,0.51,0.22
73,73,"(1, 7)","(4, 8)",1,7,4,8,0.58,0.87,0.95,0.95,0.95,0.95,0.95,0.95,0.95,0.95
74,74,"(0, 7)","(4, 9)",0,7,4,9,0.45,0.82,0.91,0.91,0.91,0.91,0.91,0.91,0.91,0.91
75,75,"(0, 6)","(2, 4)",0,6,2,4,0.51,0.75,0.3,0.82,0.18,0.9,0.12,0.94,0.06,0.99
76,76,"(4, 6)","(3, 3)",4,6,3,3,0.49,0.36,0.24,0.14,0.1,0.05,0.02,0.0,0.0,0.0
77,77,"(7, 8)","(0, 5)",7,8,0,5,0.51,0.45,0.45,0.45,0.45,0.45,0.45,0.45,0.45,0.45
78,78,"(5, 8)","(4, 7)",5,8,4,7,0.56,0.7,0.64,0.6,0.61,0.68,0.53,0.51,0.56,0.52
79,79,"(1, 4)","(3, 3)",1,4,3,3,0.48,0.46,0.33,0.57,0.36,0.54,0.32,0.44,0.51,0.46
80,80,"(2, 9)","(2, 5)",2,9,2,5,0.44,0.93,0.09,0.17,0.32,0.49,0.69,0.51,0.53,0.69
81,81,"(3, 5)","(2, 7)",3,5,2,7,0.51,0.83,0.64,0.85,0.72,0.78,0.78,0.78,0.78,0.78
82,82,"(1, 7)","(5, 6)",1,7,5,6,0.49,0.65,0.71,0.66,0.66,0.65,0.74,0.67,0.61,0.7
83,83,"(0, 0)","(1, 3)",0,0,1,3,0.42,0.2,0.27,0.31,0.28,0.36,0.32,0.3,0.34,0.34
84,84,"(9, 9)","(6, 6)",9,9,6,6,0.44,0.0,0.0,0.0,0.0,0.0,0.0,0.0,0.0,0.0
85,85,"(7, 8)","(7, 8)",7,8,7,8,0.49,0.01,0.0,0.0,0.0,0.0,0.0,0.0,0.0,0.0
86,86,"(0, 8)","(6, 8)",0,8,6,8,0.52,0.57,0.5,0.5,0.5,0.5,0.5,0.5,0.5,0.5
87,87,"(8, 9)","(3, 6)",8,9,3,6,0.49,0.4,0.33,0.3,0.27,0.25,0.22,0.21,0.2,0.19
88,88,"(1, 7)","(4, 9)",1,7,4,9,0.47,0.74,0.92,0.99,0.99,0.99,0.99,0.99,0.99,0.99
89,89,"(0, 2)","(2, 8)",0,2,2,8,0.51,0.55,0.55,0.55,0.55,0.55,0.55,0.55,0.55,0.55
90,90,"(7, 8)","(4, 4)",7,8,4,4,0.48,0.12,0.01,0.0,0.0,0.0,0.0,0.0,0.0,0.0
91,91,"(1, 7)","(6, 9)",1,7,6,9,0.53,0.67,0.56,0.52,0.49,0.51,0.49,0.51,0.49,0.51
92,92,"(1, 4)","(5, 9)",1,4,5,9,0.6,0.48,0.66,0.54,0.73,0.66,0.62,0.71,0.62,0.68
93,93,"(1, 7)","(3, 5)",1,7,3,5,0.4,0.91,0.12,0.34,0.53,0.76,0.41,0.68,0.5,0.57
94,94,"(3, 7)","(6, 6)",3,7,6,6,0.49,0.47,0.51,0.49,0.51,0.49,0.51,0.49,0.51,0.49
95,95,"(7, 9)","(1, 9)",7,9,1,9,0.52,0.51,0.51,0.51,0.51,0.51,0.51,0.51,0.51,0.51
96,96,"(0, 6)","(3, 8)",0,6,3,8,0.55,0.9,0.92,0.92,0.92,0.92,0.92,0.92,0.92,0.92
97,97,"(1, 4)","(4, 5)",1,4,4,5,0.43,0.59,0.58,0.4,0.65,0.42,0.54,0.57,0.45,0.37
98,98,"(0, 3)","(1, 4)",0,3,1,4,0.57,0.35,0.7,0.2,0.88,0.05,1.0,0.0,1.0,0.0
99,99,"(4, 4)","(0, 0)",4,4,0,0,0.46,0.17,0.05,0.03,0.03,0.03,0.03,0.03,0.03,0.03
100,100,"(4, 8)","(6, 9)",4,8,6,9,0.53,0.38,0.32,0.31,0.28,0.25,0.22,0.2,0.17,0.16
101,101,"(3, 3)","(1, 2)",3,3,1,2,0.53,0.18,0.17,0.16,0.21,0.21,0.18,0.19,0.2,0.19
102,102,"(1, 2)","(3, 4)",1,2,3,4,0.52,0.29,0.37,0.43,0.37,0.42,0.36,0.42,0.36,0.47
103,103,"(1, 1)","(0, 7)",1,1,0,7,0.48,0.49,0.49,0.49,0.49,0.49,0.49,0.49,0.49,0.49
104,104,"(4, 8)","(3, 5)",4,8,3,5,0.51,0.76,0.31,0.33,0.28,0.28,0.22,0.22,0.12,0.06
105,105,"(3, 6)","(2, 9)",3,6,2,9,0.53,0.95,0.98,0.98,0.98,0.98,0.98,0.98,0.98,0.98
106,106,"(1, 8)","(0, 4)",1,8,0,4,0.48,0.79,0.23,0.55,0.5,0.56,0.57,0.54,0.51,0.55
107,107,"(3, 8)","(5, 9)",3,8,5,9,0.45,0.56,0.59,0.64,0.72,0.79,0.82,0.86,0.91,0.95
108,108,"(1, 5)","(7, 8)",1,5,7,8,0.57,0.32,0.56,0.44,0.52,0.37,0.44,0.49,0.44,0.51
109,109,"(4, 6)","(3, 7)",4,6,3,7,0.35,0.4,0.38,0.44,0.47,0.47,0.54,0.54,0.65,0.64
110,110,"(3, 5)","(4, 6)",3,5,4,6,0.45,0.59,0.69,0.51,0.51,0.6,0.59,0.7,0.69,0.61
111,111,"(3, 7)","(0, 5)",3,7,0,5,0.46,0.79,0.33,0.35,0.62,0.49,0.67,0.5,0.55,0.62
112,112,"(3, 9)","(5, 7)",3,9,5,7,0.58,0.71,0.71,0.85,0.74,0.68,0.8,0.74,0.69,0.84
113,113,"(5, 8)","(0, 8)",5,8,0,8,0.57,0.8,0.91,0.98,1.0,1.0,1.0,1.0,1.0,1.0
114,114,"(3, 6)","(3, 9)",3,6,3,9,0.55,0.9,0.9,0.9,0.9,0.9,0.9,0.9,0.9,0.9
115,115,"(2, 7)","(0, 3)",2,7,0,3,0.49,0.75,0.29,0.4,0.55,0.55,0.43,0.62,0.42,0.44
116,116,"(0, 3)","(1, 6)",0,3,1,6,0.52,0.63,0.62,0.62,0.62,0.62,0.62,0.62,0.62,0.62
117,117,"(2, 9)","(4, 9)",2,9,4,9,0.46,0.8,1.0,1.0,1.0,1.0,1.0,1.0,1.0,1.0
118,118,"(1, 9)","(2, 3)",1,9,2,3,0.57,0.51,0.67,0.35,0.55,0.46,0.63,0.35,0.71,0.3
119,119,"(4, 9)","(4, 7)",4,9,4,7,0.52,0.74,0.7,0.79,0.66,0.76,0.59,0.67,0.73,0.73
120,120,"(4, 9)","(1, 2)",4,9,1,2,0.44,0.31,0.3,0.24,0.22,0.19,0.18,0.14,0.13,0.1
121,121,"(2, 7)","(3, 9)",2,7,3,9,0.54,0.94,0.96,0.96,0.96,0.96,0.96,0.96,0.96,0.96
122,122,"(6, 7)","(2, 6)",6,7,2,6,0.53,0.58,0.52,0.49,0.51,0.42,0.45,0.44,0.47,0.44
123,123,"(3, 6)","(0, 8)",3,6,0,8,0.52,0.93,0.98,0.98,0.98,0.98,0.98,0.98,0.98,0.98
124,124,"(0, 7)","(5, 6)",0,7,5,6,0.51,0.61,0.64,0.59,0.61,0.62,0.61,0.59,0.6,0.66
125,125,"(6, 9)","(2, 5)",6,9,2,5,0.48,0.47,0.43,0.33,0.25,0.24,0.23,0.22,0.21,0.2
126,126,"(1, 7)","(2, 9)",1,7,2,9,0.59,1.0,1.0,1.0,1.0,1.0,1.0,1.0,1.0,1.0
127,127,"(2, 5)","(4, 6)",2,5,4,6,0.49,0.67,0.62,0.61,0.63,0.7,0.62,0.68,0.62,0.72
128,128,"(2, 2)","(0, 1)",2,2,0,1,0.54,0.05,0.14,0.1,0.23,0.18,0.29,0.26,0.18,0.21
129,129,"(0, 9)","(2, 8)",0,9,2,8,0.54,1.0,1.0,1.0,1.0,1.0,1.0,1.0,1.0,1.0
130,130,"(0, 3)","(8, 8)",0,3,8,8,0.51,0.16,0.82,0.3,0.59,0.46,0.41,0.57,0.27,0.69
131,131,"(0, 1)","(5, 8)",0,1,5,8,0.54,0.21,0.61,0.69,0.64,0.62,0.51,0.68,0.63,0.54
132,132,"(2, 3)","(3, 5)",2,3,3,5,0.58,0.45,0.46,0.58,0.5,0.59,0.56,0.52,0.58,0.57
133,133,"(6, 8)","(4, 6)",6,8,4,6,0.57,0.44,0.28,0.12,0.02,0.0,0.0,0.0,0.0,0.0
134,134,"(3, 6)","(2, 6)",3,6,2,6,0.51,0.81,0.47,0.64,0.72,0.56,0.67,0.65,0.65,0.63
135,135,"(5, 5)","(4, 9)",5,5,4,9,0.53,0.49,0.52,0.52,0.53,0.53,0.53,0.53,0.53,0.53
136,136,"(5, 6)","(1, 3)",5,6,1,3,0.5,0.27,0.2,0.2,0.2,0.2,0.2,0.2,0.2,0.2
137,137,"(3, 8)","(5, 9)",3,8,5,9,0.54,0.68,0.76,0.85,0.92,0.97,1.0,1.0,1.0,1.0
138,138,"(5, 6)","(0, 9)",5,6,0,9,0.49,0.66,0.71,0.73,0.75,0.77,0.79,0.81,0.83,0.84
139,139,"(5, 7)","(1, 5)",5,7,1,5,0.48,0.56,0.41,0.38,0.4,0.38,0.38,0.39,0.39,0.39
140,140,"(6, 6)","(7, 8)",6,6,7,8,0.48,0.06,0.0,0.0,0.0,0.0,0.0,0.0,0.0,0.0
141,141,"(3, 5)","(2, 9)",3,5,2,9,0.53,0.86,0.87,0.87,0.87,0.87,0.87,0.87,0.87,0.87
142,142,"(3, 9)","(2, 5)",3,9,2,5,0.53,0.95,0.07,0.09,0.12,0.21,0.2,0.36,0.29,0.52
143,143,"(1, 4)","(5, 8)",1,4,5,8,0.55,0.45,0.68,0.68,0.65,0.69,0.73,0.71,0.74,0.76
144,144,"(3, 5)","(4, 8)",3,5,4,8,0.49,0.68,0.72,0.81,0.81,0.81,0.81,0.81,0.81,0.81
145,145,"(1, 7)","(1, 8)",1,7,1,8,0.5,0.97,0.99,0.99,0.99,0.99,0.99,0.99,0.99,0.99
146,146,"(1, 2)","(1, 7)",1,2,1,7,0.59,0.6,0.6,0.6,0.6,0.6,0.6,0.6,0.6,0.6
147,147,"(0, 5)","(1, 4)",0,5,1,4,0.51,0.77,0.18,0.95,0.02,1.0,0.0,1.0,0.0,1.0
148,148,"(1, 6)","(0, 6)",1,6,0,6,0.54,0.98,0.0,0.0,0.0,0.0,0.0,0.0,0.0,0.0
149,149,"(2, 3)","(7, 9)",2,3,7,9,0.5,0.16,0.21,0.34,0.34,0.25,0.31,0.28,0.41,0.28
150,150,"(2, 4)","(0, 9)",2,4,0,9,0.45,0.81,0.81,0.81,0.81,0.81,0.81,0.81,0.81,0.81
151,151,"(6, 9)","(2, 4)",6,9,2,4,0.52,0.37,0.3,0.24,0.19,0.18,0.18,0.18,0.18,0.18
152,152,"(3, 7)","(0, 5)",3,7,0,5,0.49,0.91,0.1,0.13,0.16,0.24,0.26,0.42,0.39,0.63
153,153,"(0, 4)","(2, 3)",0,4,2,3,0.41,0.64,0.28,0.74,0.22,0.8,0.18,0.84,0.16,0.84
154,154,"(1, 7)","(1, 3)",1,7,1,3,0.49,0.7,0.36,0.47,0.58,0.46,0.59,0.37,0.5,0.59
155,155,"(1, 4)","(4, 7)",1,4,4,7,0.47,0.64,0.69,0.7,0.71,0.71,0.71,0.71,0.71,0.71
156,156,"(0, 2)","(4, 7)",0,2,4,7,0.61,0.5,0.44,0.43,0.58,0.47,0.6,0.48,0.59,0.54
157,157,"(0, 2)","(6, 9)",0,2,6,9,0.52,0.12,0.84,0.8,0.71,0.76,0.57,0.65,0.32,0.57
158,158,"(2, 4)","(9, 9)",2,4,9,9,0.55,0.27,0.21,0.4,0.34,0.4,0.41,0.3,0.36,0.42
159,159,"(4, 5)","(4, 9)",4,5,4,9,0.48,0.52,0.56,0.6,0.64,0.7,0.78,0.86,0.96,0.96
160,160,"(1, 8)","(5, 7)",1,8,5,7,0.45,0.64,0.71,0.72,0.81,0.8,0.75,0.59,0.8,0.7
161,161,"(0, 1)","(3, 9)",0,1,3,9,0.52,0.45,0.58,0.57,0.56,0.57,0.54,0.6,0.6,0.6
162,162,"(2, 8)","(2, 4)",2,8,2,4,0.49,0.79,0.26,0.45,0.63,0.56,0.41,0.6,0.44,0.55
163,163,"(2, 8)","(8, 9)",2,8,8,9,0.44,0.48,0.52,0.48,0.52,0.48,0.52,0.48,0.52,0.48
164,164,"(7, 8)","(2, 3)",7,8,2,3,0.52,0.19,0.1,0.1,0.1,0.1,0.1,0.1,0.1,0.1
165,165,"(3, 6)","(0, 3)",3,6,0,3,0.43,0.62,0.29,0.43,0.45,0.55,0.45,0.45,0.45,0.43
166,166,"(3, 6)","(6, 9)",3,6,6,9,0.52,0.5,0.49,0.48,0.48,0.49,0.49,0.49,0.49,0.49
167,167,"(2, 3)","(2, 2)",2,3,2,2,0.47,0.23,0.29,0.4,0.38,0.24,0.42,0.33,0.38,0.39
168,168,"(4, 6)","(0, 6)",4,6,0,6,0.58,0.88,0.22,0.25,0.32,0.24,0.32,0.3,0.33,0.27
169,169,"(4, 9)","(1, 2)",4,9,1,2,0.39,0.35,0.31,0.32,0.23,0.21,0.2,0.13,0.12,0.13
170,170,"(1, 6)","(5, 7)",1,6,5,7,0.52,0.63,0.59,0.62,0.62,0.63,0.72,0.68,0.71,0.82
171,171,"(1, 6)","(6, 6)",1,6,6,6,0.52,0.53,0.48,0.52,0.47,0.51,0.47,0.51,0.47,0.51
172,172,"(6, 6)","(2, 5)",6,6,2,5,0.5,0.4,0.36,0.33,0.27,0.28,0.27,0.29,0.24,0.23
173,173,"(2, 2)","(2, 3)",2,2,2,3,0.48,0.26,0.35,0.41,0.3,0.33,0.33,0.36,0.38,0.36
174,174,"(3, 9)","(5, 8)",3,9,5,8,0.52,0.63,0.68,0.73,0.82,0.86,0.92,0.97,1.0,1.0
175,175,"(4, 5)","(1, 5)",4,5,1,5,0.58,0.65,0.41,0.42,0.53,0.44,0.57,0.54,0.52,0.54
176,176,"(2, 8)","(9, 9)",2,8,9,9,0.53,0.47,0.51,0.49,0.51,0.49,0.51,0.49,0.51,0.49
177,177,"(5, 6)","(0, 4)",5,6,0,4,0.47,0.45,0.53,0.25,0.23,0.23,0.25,0.2,0.21,0.21
178,178,"(5, 8)","(5, 5)",5,8,5,5,0.48,0.23,0.1,0.01,0.0,0.0,0.0,0.0,0.0,0.0
179,179,"(0, 1)","(0, 0)",0,1,0,0,0.48,0.03,0.94,0.0,1.0,0.0,1.0,0.0,1.0,0.0
180,180,"(0, 0)","(6, 7)",0,0,6,7,0.53,0.14,0.52,0.18,0.14,0.47,0.25,0.06,0.66,0.29
181,181,"(3, 5)","(3, 4)",3,5,3,4,0.5,0.65,0.3,0.29,0.45,0.47,0.58,0.48,0.39,0.5
182,182,"(4, 5)","(1, 3)",4,5,1,3,0.43,0.51,0.27,0.37,0.25,0.28,0.27,0.31,0.23,0.18
183,183,"(6, 7)","(0, 4)",6,7,0,4,0.45,0.37,0.35,0.35,0.35,0.35,0.35,0.35,0.35,0.35
184,184,"(0, 7)","(3, 3)",0,7,3,3,0.48,0.69,0.26,0.78,0.23,0.78,0.22,0.79,0.21,0.8
185,185,"(0, 0)","(4, 9)",0,0,4,9,0.51,0.35,0.26,0.12,0.61,0.59,0.51,0.74,0.73,0.73
186,186,"(4, 5)","(8, 8)",4,5,8,8,0.47,0.29,0.17,0.09,0.03,0.0,0.0,0.0,0.0,0.0
187,187,"(0, 1)","(5, 9)",0,1,5,9,0.48,0.21,0.55,0.5,0.45,0.49,0.33,0.37,0.21,0.36
188,188,"(6, 9)","(1, 4)",6,9,1,4,0.52,0.39,0.34,0.35,0.33,0.32,0.31,0.32,0.31,0.32
189,189,"(0, 4)","(7, 7)",0,4,7,7,0.45,0.43,0.45,0.58,0.4,0.58,0.42,0.47,0.55,0.4
190,190,"(6, 7)","(2, 6)",6,7,2,6,0.4,0.43,0.42,0.43,0.44,0.43,0.44,0.43,0.44,0.43
191,191,"(0, 2)","(7, 7)",0,2,7,7,0.45,0.07,0.88,0.11,0.83,0.29,0.36,0.45,0.36,0.42
192,192,"(2, 6)","(1, 3)",2,6,1,3,0.5,0.6,0.37,0.52,0.49,0.48,0.55,0.46,0.4,0.57
193,193,"(0, 7)","(4, 5)",0,7,4,5,0.49,0.73,0.46,0.77,0.36,0.81,0.36,0.86,0.22,0.89
194,194,"(5, 5)","(3, 8)",5,5,3,8,0.48,0.5,0.46,0.46,0.47,0.47,0.47,0.47,0.47,0.47
195,195,"(0, 1)","(4, 5)",0,1,4,5,0.48,0.24,0.43,0.34,0.3,0.36,0.32,0.4,0.3,0.38
196,196,"(1, 5)","(0, 6)",1,5,0,6,0.48,0.93,0.11,0.46,0.6,0.83,0.34,0.59,0.76,0.52
197,197,"(8, 8)","(3, 6)",8,8,3,6,0.49,0.42,0.39,0.37,0.35,0.33,0.31,0.29,0.28,0.27
198,198,"(4, 4)","(3, 6)",4,4,3,6,0.45,0.5,0.54,0.54,0.53,0.55,0.57,0.54,0.57,0.6
199,199,"(5, 9)","(1, 8)",5,9,1,8,0.56,0.8,0.9,0.96,1.0,1.0,1.0,1.0,1.0,1.0
200,200,"(3, 8)","(1, 5)",3,8,1,5,0.58,0.82,0.25,0.37,0.46,0.62,0.52,0.53,0.67,0.59
201,201,"(0, 8)","(3, 7)",0,8,3,7,0.52,0.92,0.54,0.85,0.54,0.85,0.54,0.85,0.54,0.85
202,202,"(1, 7)","(0, 8)",1,7,0,8,0.47,1.0,1.0,1.0,1.0,1.0,1.0,1.0,1.0,1.0
203,203,"(5, 7)","(9, 9)",5,7,9,9,0.43,0.13,0.0,0.0,0.0,0.0,0.0,0.0,0.0,0.0
204,204,"(6, 8)","(5, 7)",6,8,5,7,0.49,0.2,0.05,0.0,0.0,0.0,0.0,0.0,0.0,0.0
205,205,"(1, 9)","(0, 0)",1,9,0,0,0.48,0.52,0.48,0.52,0.48,0.52,0.48,0.52,0.48,0.52
206,206,"(5, 6)","(3, 6)",5,6,3,6,0.56,0.82,0.27,0.3,0.3,0.33,0.24,0.21,0.19,0.18
207,207,"(1, 7)","(0, 7)",1,7,0,7,0.48,1.0,0.0,0.0,0.0,0.0,0.0,0.0,0.0,0.0
208,208,"(6, 7)","(0, 4)",6,7,0,4,0.39,0.37,0.36,0.37,0.36,0.36,0.35,0.35,0.35,0.35
209,209,"(2, 7)","(2, 5)",2,7,2,5,0.53,0.77,0.37,0.59,0.55,0.74,0.45,0.57,0.74,0.42
210,210,"(5, 8)","(6, 6)",5,8,6,6,0.42,0.1,0.0,0.0,0.0,0.0,0.0,0.0,0.0,0.0
211,211,"(1, 4)","(4, 5)",1,4,4,5,0.47,0.71,0.29,0.63,0.47,0.51,0.56,0.48,0.59,0.46
212,212,"(5, 5)","(3, 6)",5,5,3,6,0.41,0.32,0.32,0.33,0.33,0.33,0.33,0.33,0.33,0.33
213,213,"(1, 8)","(2, 4)",1,8,2,4,0.44,0.86,0.14,0.58,0.49,0.6,0.53,0.52,0.54,0.57
214,214,"(7, 9)","(1, 4)",7,9,1,4,0.52,0.37,0.36,0.36,0.36,0.36,0.36,0.36,0.36,0.36
215,215,"(2, 8)","(3, 3)",2,8,3,3,0.64,0.4,0.58,0.52,0.54,0.45,0.59,0.43,0.54,0.56
216,216,"(1, 4)","(2, 6)",1,4,2,6,0.52,0.82,0.43,0.69,0.7,0.68,0.68,0.68,0.68,0.68
217,217,"(4, 5)","(1, 9)",4,5,1,9,0.42,0.69,0.74,0.79,0.83,0.84,0.84,0.84,0.84,0.84
218,218,"(5, 9)","(4, 5)",5,9,4,5,0.53,0.51,0.42,0.32,0.12,0.0,0.0,0.0,0.0,0.0
219,219,"(4, 7)","(2, 4)",4,7,2,4,0.57,0.58,0.5,0.57,0.32,0.28,0.34,0.23,0.22,0.23
220,220,"(1, 2)","(0, 3)",1,2,0,3,0.49,0.22,0.55,0.17,0.68,0.03,0.18,0.22,0.6,0.14
221,221,"(1, 9)","(1, 6)",1,9,1,6,0.5,0.97,0.07,0.28,0.57,0.74,0.61,0.65,0.75,0.52
222,222,"(8, 9)","(3, 6)",8,9,3,6,0.48,0.38,0.29,0.26,0.24,0.21,0.18,0.14,0.11,0.09
223,223,"(0, 7)","(2, 3)",0,7,2,3,0.51,0.61,0.48,0.59,0.43,0.58,0.43,0.59,0.42,0.59
224,224,"(5, 9)","(3, 7)",5,9,3,7,0.44,0.43,0.39,0.45,0.4,0.45,0.41,0.42,0.45,0.37
225,225,"(4, 7)","(6, 7)",4,7,6,7,0.49,0.42,0.34,0.29,0.26,0.23,0.19,0.12,0.06,0.0
226,226,"(3, 6)","(3, 9)",3,6,3,9,0.58,0.92,0.92,0.92,0.92,0.92,0.92,0.92,0.92,0.92
227,227,"(1, 7)","(3, 7)",1,7,3,7,0.48,0.93,0.39,0.66,0.87,0.58,0.8,0.89,0.49,0.72
228,228,"(8, 8)","(4, 5)",8,8,4,5,0.53,0.28,0.06,0.0,0.0,0.0,0.0,0.0,0.0,0.0
229,229,"(3, 6)","(6, 9)",3,6,6,9,0.49,0.43,0.5,0.5,0.49,0.5,0.49,0.5,0.49,0.5
230,230,"(2, 9)","(3, 5)",2,9,3,5,0.51,0.79,0.35,0.55,0.71,0.49,0.58,0.71,0.35,0.64
231,231,"(7, 9)","(0, 7)",7,9,0,7,0.48,0.5,0.5,0.51,0.53,0.47,0.48,0.49,0.46,0.46
232,232,"(1, 2)","(0, 5)",1,2,0,5,0.46,0.51,0.5,0.5,0.5,0.5,0.5,0.5,0.5,0.5
233,233,"(5, 8)","(8, 9)",5,8,8,9,0.49,0.21,0.01,0.0,0.0,0.0,0.0,0.0,0.0,0.0
234,234,"(2, 5)","(1, 3)",2,5,1,3,0.52,0.59,0.31,0.48,0.45,0.44,0.54,0.55,0.35,0.48
235,235,"(3, 7)","(5, 8)",3,7,5,8,0.52,0.63,0.71,0.77,0.82,0.89,0.93,0.96,0.99,0.99
236,236,"(1, 5)","(7, 9)",1,5,7,9,0.46,0.5,0.45,0.48,0.47,0.49,0.51,0.46,0.51,0.48
237,237,"(1, 2)","(0, 1)",1,2,0,1,0.59,0.05,0.26,0.18,0.54,0.04,0.2,0.23,0.3,0.35
238,238,"(0, 1)","(1, 6)",0,1,1,6,0.52,0.48,0.48,0.48,0.48,0.48,0.48,0.48,0.48,0.48
239,239,"(8, 8)","(2, 3)",8,8,2,3,0.53,0.15,0.05,0.02,0.0,0.0,0.0,0.0,0.0,0.0
240,240,"(0, 7)","(4, 6)",0,7,4,6,0.55,0.78,0.7,0.62,0.71,0.57,0.66,0.55,0.75,0.49
241,241,"(0, 5)","(3, 3)",0,5,3,3,0.49,0.5,0.51,0.48,0.52,0.48,0.52,0.48,0.52,0.48
242,242,"(4, 9)","(0, 9)",4,9,0,9,0.39,0.64,0.81,0.9,0.95,1.0,1.0,1.0,1.0,1.0
243,243,"(5, 6)","(0, 3)",5,6,0,3,0.45,0.32,0.25,0.23,0.22,0.24,0.21,0.21,0.21,0.21
244,244,"(0, 1)","(0, 2)",0,1,0,2,0.48,0.09,0.8,0.05,0.89,0.01,1.0,0.0,1.0,0.0
245,245,"(2, 2)","(6, 9)",2,2,6,9,0.49,0.04,0.07,0.09,0.15,0.12,0.07,0.1,0.09,0.13
246,246,"(7, 8)","(8, 9)",7,8,8,9,0.43,0.0,0.0,0.0,0.0,0.0,0.0,0.0,0.0,0.0
247,247,"(2, 4)","(7, 7)",2,4,7,7,0.48,0.36,0.42,0.44,0.38,0.41,0.39,0.35,0.35,0.39
248,248,"(5, 7)","(2, 4)",5,7,2,4,0.48,0.55,0.42,0.33,0.24,0.2,0.14,0.13,0.12,0.11
249,249,"(1, 1)","(1, 7)",1,1,1,7,0.56,0.58,0.58,0.58,0.58,0.58,0.58,0.58,0.58,0.58
250,250,"(0, 9)","(0, 9)",0,9,0,9,0.51,1.0,1.0,1.0,1.0,1.0,1.0,1.0,1.0,1.0
251,251,"(1, 2)","(4, 6)",1,2,4,6,0.52,0.42,0.55,0.43,0.51,0.43,0.33,0.44,0.47,0.44
252,252,"(0, 6)","(2, 6)",0,6,2,6,0.57,0.91,0.17,0.94,0.09,0.94,0.09,0.94,0.13,0.93
253,253,"(6, 8)","(5, 6)",6,8,5,6,0.45,0.16,0.04,0.0,0.0,0.0,0.0,0.0,0.0,0.0
254,254,"(2, 5)","(0, 3)",2,5,0,3,0.46,0.55,0.34,0.59,0.45,0.37,0.49,0.58,0.4,0.49
255,255,"(9, 9)","(0, 7)",9,9,0,7,0.52,0.52,0.52,0.52,0.52,0.52,0.52,0.52,0.52,0.52
256,256,"(1, 4)","(3, 5)",1,4,3,5,0.49,0.67,0.41,0.55,0.67,0.4,0.46,0.72,0.38,0.65
257,257,"(6, 7)","(2, 7)",6,7,2,7,0.51,0.6,0.65,0.63,0.7,0.62,0.65,0.66,0.62,0.6
258,258,"(3, 4)","(7, 9)",3,4,7,9,0.56,0.19,0.13,0.08,0.06,0.04,0.04,0.04,0.04,0.04
259,259,"(0, 0)","(1, 8)",0,0,1,8,0.48,0.47,0.48,0.47,0.48,0.47,0.48,0.47,0.48,0.47
260,260,"(3, 5)","(0, 1)",3,5,0,1,0.49,0.35,0.35,0.41,0.34,0.4,0.42,0.35,0.46,0.33
261,261,"(1, 3)","(7, 9)",1,3,7,9,0.5,0.21,0.52,0.21,0.44,0.27,0.43,0.37,0.37,0.41
262,262,"(3, 7)","(0, 2)",3,7,0,2,0.54,0.45,0.48,0.56,0.42,0.5,0.4,0.47,0.51,0.49
263,263,"(4, 4)","(0, 6)",4,4,0,6,0.54,0.64,0.65,0.66,0.66,0.66,0.66,0.66,0.66,0.66
264,264,"(1, 7)","(5, 6)",1,7,5,6,0.46,0.64,0.7,0.69,0.64,0.69,0.68,0.66,0.76,0.64
265,265,"(5, 7)","(3, 6)",5,7,3,6,0.43,0.4,0.38,0.32,0.27,0.28,0.25,0.23,0.18,0.16
266,266,"(8, 8)","(1, 2)",8,8,1,2,0.48,0.1,0.04,0.04,0.04,0.04,0.04,0.04,0.04,0.04
267,267,"(0, 8)","(7, 7)",0,8,7,7,0.43,0.57,0.43,0.57,0.43,0.57,0.43,0.57,0.43,0.57
268,268,"(0, 4)","(0, 8)",0,4,0,8,0.5,0.81,0.81,0.81,0.81,0.81,0.81,0.81,0.81,0.81
269,269,"(4, 5)","(2, 7)",4,5,2,7,0.51,0.71,0.75,0.72,0.76,0.75,0.75,0.75,0.75,0.75
270,270,"(4, 9)","(5, 7)",4,9,5,7,0.39,0.29,0.24,0.17,0.12,0.07,0.02,0.0,0.0,0.0
271,271,"(0, 4)","(4, 9)",0,4,4,9,0.55,0.61,0.73,0.76,0.76,0.76,0.76,0.76,0.76,0.76
272,272,"(0, 2)","(5, 5)",0,2,5,5,0.51,0.18,0.72,0.11,0.8,0.12,0.77,0.16,0.73,0.21
273,273,"(0, 3)","(0, 1)",0,3,0,1,0.5,0.16,0.85,0.04,0.96,0.0,1.0,0.0,1.0,0.0
274,274,"(9, 9)","(1, 2)",9,9,1,2,0.53,0.04,0.0,0.0,0.0,0.0,0.0,0.0,0.0,0.0
275,275,"(0, 1)","(3, 6)",0,1,3,6,0.53,0.44,0.37,0.33,0.45,0.38,0.36,0.41,0.44,0.44
276,276,"(3, 4)","(4, 6)",3,4,4,6,0.49,0.53,0.6,0.57,0.52,0.5,0.54,0.57,0.62,0.59
277,277,"(2, 3)","(3, 6)",2,3,3,6,0.61,0.6,0.59,0.6,0.59,0.6,0.59,0.6,0.59,0.6
278,278,"(3, 8)","(1, 3)",3,8,1,3,0.59,0.5,0.51,0.56,0.36,0.51,0.47,0.45,0.61,0.41
279,279,"(1, 3)","(3, 5)",1,3,3,5,0.51,0.58,0.46,0.48,0.57,0.46,0.54,0.58,0.58,0.54
280,280,"(4, 6)","(5, 8)",4,6,5,8,0.57,0.58,0.64,0.63,0.67,0.68,0.7,0.72,0.73,0.73
281,281,"(1, 7)","(2, 8)",1,7,2,8,0.49,0.98,0.98,0.98,0.98,0.98,0.98,0.98,0.98,0.98
282,282,"(0, 0)","(2, 4)",0,0,2,4,0.47,0.39,0.33,0.29,0.36,0.33,0.33,0.32,0.32,0.33
283,283,"(1, 2)","(2, 3)",1,2,2,3,0.48,0.32,0.39,0.35,0.42,0.25,0.43,0.32,0.48,0.23
284,284,"(4, 7)","(1, 5)",4,7,1,5,0.53,0.78,0.35,0.33,0.46,0.41,0.49,0.45,0.68,0.39
285,285,"(1, 3)","(0, 1)",1,3,0,1,0.47,0.28,0.41,0.31,0.51,0.21,0.41,0.29,0.54,0.21
286,286,"(0, 4)","(1, 2)",0,4,1,2,0.58,0.22,0.82,0.14,0.86,0.11,0.9,0.08,0.92,0.05
287,287,"(1, 3)","(4, 7)",1,3,4,7,0.47,0.49,0.52,0.57,0.64,0.57,0.68,0.62,0.66,0.66
288,288,"(5, 6)","(2, 9)",5,6,2,9,0.48,0.56,0.65,0.75,0.8,0.85,0.87,0.91,0.95,0.99
289,289,"(2, 5)","(1, 2)",2,5,1,2,0.49,0.43,0.55,0.36,0.5,0.46,0.36,0.55,0.4,0.29
290,290,"(3, 8)","(0, 3)",3,8,0,3,0.56,0.54,0.41,0.4,0.5,0.57,0.39,0.54,0.43,0.45
291,291,"(3, 7)","(2, 8)",3,7,2,8,0.52,0.91,1.0,1.0,1.0,1.0,1.0,1.0,1.0,1.0
292,292,"(3, 4)","(1, 6)",3,4,1,6,0.56,0.71,0.59,0.63,0.6,0.6,0.6,0.6,0.6,0.6
293,293,"(5, 8)","(3, 4)",5,8,3,4,0.54,0.4,0.29,0.21,0.12,0.08,0.07,0.05,0.04,0.04
294,294,"(5, 6)","(3, 7)",5,6,3,7,0.54,0.72,0.64,0.72,0.8,0.83,0.76,0.8,0.8,0.8
295,295,"(8, 8)","(3, 7)",8,8,3,7,0.48,0.4,0.33,0.27,0.24,0.21,0.19,0.18,0.16,0.15
296,296,"(5, 8)","(2, 7)",5,8,2,7,0.52,0.71,0.59,0.56,0.67,0.71,0.65,0.48,0.55,0.6
297,297,"(7, 8)","(0, 7)",7,8,0,7,0.55,0.57,0.57,0.57,0.57,0.57,0.57,0.57,0.57,0.57
298,298,"(4, 8)","(4, 4)",4,8,4,4,0.57,0.57,0.57,0.45,0.41,0.39,0.22,0.09,0.05,0.02
299,299,"(0, 4)","(0, 8)",0,4,0,8,0.53,0.79,0.79,0.79,0.79,0.79,0.79,0.79,0.79,0.79
300,300,"(0, 4)","(3, 7)",0,4,3,7,0.47,0.73,0.72,0.72,0.72,0.72,0.72,0.72,0.72,0.72
301,301,"(7, 7)","(2, 2)",7,7,2,2,0.45,0.09,0.01,0.0,0.0,0.0,0.0,0.0,0.0,0.0
302,302,"(1, 7)","(0, 7)",1,7,0,7,0.52,1.0,0.0,0.0,0.0,0.0,0.0,0.0,0.0,0.0
303,303,"(5, 9)","(1, 7)",5,9,1,7,0.51,0.73,0.61,0.62,0.77,0.68,0.78,0.72,0.62,0.57
304,304,"(1, 2)","(1, 4)",1,2,1,4,0.6,0.21,0.59,0.24,0.58,0.33,0.58,0.4,0.49,0.46
305,305,"(4, 5)","(2, 8)",4,5,2,8,0.58,0.85,0.85,0.85,0.85,0.85,0.85,0.85,0.85,0.85
306,306,"(1, 6)","(0, 3)",1,6,0,3,0.53,0.64,0.39,0.7,0.28,0.6,0.42,0.68,0.33,0.69
307,307,"(3, 9)","(1, 5)",3,9,1,5,0.55,0.88,0.15,0.18,0.24,0.28,0.42,0.43,0.64,0.45
308,308,"(3, 7)","(1, 1)",3,7,1,1,0.54,0.46,0.55,0.45,0.48,0.52,0.48,0.49,0.51,0.49
309,309,"(7, 9)","(2, 4)",7,9,2,4,0.45,0.38,0.36,0.34,0.33,0.33,0.33,0.33,0.33,0.33
310,310,"(0, 3)","(2, 4)",0,3,2,4,0.54,0.4,0.6,0.34,0.62,0.28,0.77,0.17,0.82,0.1
311,311,"(0, 0)","(3, 9)",0,0,3,9,0.53,0.49,0.49,0.45,0.49,0.47,0.43,0.5,0.5,0.45
312,312,"(3, 8)","(0, 4)",3,8,0,4,0.42,0.76,0.27,0.37,0.47,0.5,0.45,0.62,0.45,0.42
313,313,"(0, 4)","(2, 5)",0,4,2,5,0.51,0.72,0.34,0.77,0.26,0.88,0.11,0.93,0.04,0.97
314,314,"(5, 8)","(2, 7)",5,8,2,7,0.55,0.77,0.6,0.71,0.85,0.55,0.38,0.36,0.4,0.45
315,315,"(3, 6)","(0, 1)",3,6,0,1,0.61,0.35,0.4,0.5,0.42,0.38,0.47,0.46,0.49,0.47
316,316,"(2, 2)","(5, 5)",2,2,5,5,0.52,0.13,0.13,0.26,0.17,0.24,0.23,0.3,0.24,0.32
317,317,"(1, 2)","(7, 8)",1,2,7,8,0.53,0.06,0.29,0.23,0.41,0.16,0.38,0.23,0.42,0.12
318,318,"(3, 7)","(1, 3)",3,7,1,3,0.52,0.61,0.47,0.34,0.57,0.48,0.39,0.56,0.39,0.52
319,319,"(0, 1)","(0, 8)",0,1,0,8,0.54,0.54,0.54,0.54,0.54,0.54,0.54,0.54,0.54,0.54
320,320,"(5, 8)","(3, 3)",5,8,3,3,0.48,0.38,0.18,0.05,0.02,0.0,0.0,0.0,0.0,0.0
321,321,"(0, 1)","(1, 6)",0,1,1,6,0.49,0.51,0.51,0.51,0.51,0.51,0.51,0.51,0.51,0.51
322,322,"(6, 9)","(5, 7)",6,9,5,7,0.52,0.29,0.16,0.06,0.0,0.0,0.0,0.0,0.0,0.0
323,323,"(0, 1)","(4, 9)",0,1,4,9,0.45,0.22,0.49,0.59,0.61,0.56,0.58,0.62,0.58,0.58
324,324,"(1, 5)","(5, 6)",1,5,5,6,0.48,0.58,0.64,0.55,0.49,0.58,0.5,0.54,0.56,0.52
325,325,"(4, 4)","(4, 7)",4,4,4,7,0.5,0.45,0.4,0.41,0.39,0.37,0.36,0.32,0.31,0.26
326,326,"(2, 2)","(5, 6)",2,2,5,6,0.47,0.18,0.25,0.22,0.26,0.22,0.19,0.23,0.2,0.34
327,327,"(0, 3)","(8, 8)",0,3,8,8,0.56,0.15,0.84,0.5,0.49,0.44,0.37,0.55,0.5,0.29
328,328,"(1, 8)","(5, 7)",1,8,5,7,0.55,0.7,0.81,0.72,0.77,0.77,0.77,0.81,0.8,0.72
329,329,"(7, 9)","(0, 4)",7,9,0,4,0.53,0.36,0.32,0.32,0.32,0.32,0.32,0.32,0.32,0.32
330,330,"(2, 7)","(3, 9)",2,7,3,9,0.44,0.85,0.9,0.9,0.9,0.9,0.9,0.9,0.9,0.9
331,331,"(4, 5)","(0, 4)",4,5,0,4,0.45,0.61,0.33,0.41,0.4,0.38,0.46,0.41,0.43,0.43
332,332,"(5, 8)","(1, 4)",5,8,1,4,0.55,0.55,0.43,0.36,0.33,0.34,0.34,0.35,0.31,0.32
333,333,"(0, 8)","(1, 1)",0,8,1,1,0.51,0.5,0.55,0.45,0.55,0.45,0.55,0.45,0.55,0.45
334,334,"(8, 9)","(4, 9)",8,9,4,9,0.48,0.26,0.17,0.04,0.0,0.0,0.0,0.0,0.0,0.0
335,335,"(0, 3)","(0, 7)",0,3,0,7,0.52,0.67,0.67,0.67,0.67,0.67,0.67,0.67,0.67,0.67
336,336,"(0, 8)","(1, 2)",0,8,1,2,0.5,0.55,0.49,0.54,0.52,0.5,0.54,0.47,0.53,0.47
337,337,"(5, 8)","(2, 8)",5,8,2,8,0.48,0.63,0.74,0.81,0.85,0.88,0.91,0.93,0.96,1.0
338,338,"(1, 3)","(0, 5)",1,3,0,5,0.54,0.53,0.6,0.46,0.62,0.5,0.6,0.51,0.59,0.51
339,339,"(2, 5)","(6, 8)",2,5,6,8,0.49,0.51,0.41,0.49,0.41,0.48,0.47,0.45,0.46,0.42
340,340,"(2, 7)","(1, 7)",2,7,1,7,0.5,0.98,0.16,0.4,0.72,0.76,0.82,0.62,0.74,0.9
341,341,"(4, 8)","(3, 9)",4,8,3,9,0.48,0.74,0.92,1.0,1.0,1.0,1.0,1.0,1.0,1.0
342,342,"(2, 3)","(0, 9)",2,3,0,9,0.54,0.64,0.64,0.64,0.64,0.64,0.64,0.64,0.64,0.64
343,343,"(4, 6)","(3, 4)",4,6,3,4,0.46,0.55,0.3,0.2,0.1,0.03,0.0,0.0,0.0,0.0
344,344,"(2, 3)","(1, 1)",2,3,1,1,0.53,0.12,0.23,0.25,0.45,0.3,0.23,0.42,0.22,0.33
345,345,"(2, 7)","(2, 7)",2,7,2,7,0.47,0.98,0.16,0.4,0.56,0.76,0.74,0.64,0.64,0.94
346,346,"(0, 1)","(0, 8)",0,1,0,8,0.47,0.47,0.47,0.47,0.47,0.47,0.47,0.47,0.47,0.47
347,347,"(2, 5)","(0, 8)",2,5,0,8,0.44,0.96,0.96,0.96,0.96,0.96,0.96,0.96,0.96,0.96
348,348,"(0, 4)","(3, 8)",0,4,3,8,0.58,0.76,0.76,0.76,0.76,0.76,0.76,0.76,0.76,0.76
349,349,"(1, 6)","(4, 6)",1,6,4,6,0.46,0.78,0.57,0.56,0.8,0.52,0.65,0.78,0.48,0.76
350,350,"(6, 9)","(4, 7)",6,9,4,7,0.41,0.14,0.0,0.0,0.0,0.0,0.0,0.0,0.0,0.0
351,351,"(2, 9)","(0, 8)",2,9,0,8,0.45,0.99,1.0,1.0,1.0,1.0,1.0,1.0,1.0,1.0
352,352,"(6, 8)","(2, 6)",6,8,2,6,0.43,0.4,0.43,0.34,0.34,0.34,0.34,0.34,0.34,0.34
353,353,"(5, 9)","(3, 7)",5,9,3,7,0.43,0.51,0.46,0.48,0.53,0.44,0.49,0.49,0.53,0.53
354,354,"(3, 8)","(8, 8)",3,8,8,8,0.46,0.5,0.49,0.51,0.49,0.51,0.49,0.51,0.49,0.51
355,355,"(9, 9)","(4, 4)",9,9,4,4,0.49,0.1,0.0,0.0,0.0,0.0,0.0,0.0,0.0,0.0
356,356,"(0, 1)","(6, 7)",0,1,6,7,0.5,0.01,0.99,0.08,0.79,0.25,0.31,0.53,0.14,0.66
357,357,"(1, 2)","(0, 6)",1,2,0,6,0.45,0.59,0.57,0.57,0.57,0.57,0.57,0.57,0.57,0.57
358,358,"(1, 6)","(1, 7)",1,6,1,7,0.44,0.99,0.08,0.24,0.48,0.64,0.99,0.08,0.24,0.48
359,359,"(2, 5)","(0, 2)",2,5,0,2,0.48,0.52,0.33,0.5,0.5,0.31,0.6,0.38,0.3,0.6
360,360,"(6, 6)","(3, 5)",6,6,3,5,0.48,0.37,0.27,0.23,0.18,0.13,0.11,0.1,0.09,0.09
361,361,"(4, 7)","(2, 3)",4,7,2,3,0.36,0.46,0.29,0.22,0.2,0.2,0.19,0.14,0.12,0.07
362,362,"(6, 9)","(1, 5)",6,9,1,5,0.43,0.47,0.38,0.36,0.37,0.36,0.37,0.36,0.37,0.36
363,363,"(1, 9)","(1, 3)",1,9,1,3,0.55,0.6,0.49,0.51,0.45,0.58,0.46,0.6,0.46,0.59
364,364,"(0, 7)","(3, 9)",0,7,3,9,0.54,0.93,0.95,0.95,0.95,0.95,0.95,0.95,0.95,0.95
365,365,"(4, 6)","(3, 4)",4,6,3,4,0.53,0.58,0.41,0.44,0.26,0.27,0.2,0.17,0.13,0.07
366,366,"(4, 5)","(4, 9)",4,5,4,9,0.49,0.63,0.68,0.75,0.78,0.83,0.83,0.83,0.83,0.83
367,367,"(0, 0)","(5, 9)",0,0,5,9,0.48,0.13,0.43,0.53,0.46,0.42,0.33,0.42,0.4,0.33
368,368,"(0, 6)","(3, 8)",0,6,3,8,0.54,0.9,0.9,0.9,0.9,0.9,0.9,0.9,0.9,0.9
369,369,"(6, 9)","(1, 2)",6,9,1,2,0.44,0.12,0.06,0.06,0.06,0.06,0.06,0.06,0.06,0.06
370,370,"(7, 7)","(6, 7)",7,7,6,7,0.5,0.09,0.0,0.0,0.0,0.0,0.0,0.0,0.0,0.0
371,371,"(5, 9)","(8, 8)",5,9,8,8,0.58,0.27,0.0,0.0,0.0,0.0,0.0,0.0,0.0,0.0
372,372,"(1, 4)","(4, 6)",1,4,4,6,0.57,0.68,0.5,0.62,0.59,0.56,0.71,0.59,0.57,0.67
373,373,"(2, 7)","(5, 8)",2,7,5,8,0.54,0.67,0.76,0.84,0.91,0.99,0.99,0.99,0.99,0.99
374,374,"(7, 9)","(6, 9)",7,9,6,9,0.5,0.07,0.0,0.0,0.0,0.0,0.0,0.0,0.0,0.0
375,375,"(9, 9)","(3, 9)",9,9,3,9,0.51,0.45,0.43,0.41,0.38,0.37,0.37,0.37,0.37,0.37
376,376,"(3, 7)","(2, 8)",3,7,2,8,0.55,0.95,1.0,1.0,1.0,1.0,1.0,1.0,1.0,1.0
377,377,"(1, 3)","(1, 2)",1,3,1,2,0.45,0.32,0.47,0.25,0.42,0.45,0.35,0.43,0.31,0.51
378,378,"(7, 8)","(5, 7)",7,8,5,7,0.53,0.23,0.06,0.0,0.0,0.0,0.0,0.0,0.0,0.0
379,379,"(7, 7)","(1, 5)",7,7,1,5,0.48,0.45,0.45,0.45,0.45,0.45,0.45,0.45,0.45,0.45
380,380,"(5, 6)","(8, 8)",5,6,8,8,0.49,0.21,0.02,0.0,0.0,0.0,0.0,0.0,0.0,0.0
381,381,"(1, 5)","(2, 9)",1,5,2,9,0.56,0.88,0.88,0.88,0.88,0.88,0.88,0.88,0.88,0.88
382,382,"(1, 5)","(1, 8)",1,5,1,8,0.52,0.91,0.91,0.91,0.91,0.91,0.91,0.91,0.91,0.91
383,383,"(7, 8)","(0, 5)",7,8,0,5,0.51,0.5,0.51,0.5,0.51,0.5,0.51,0.5,0.51,0.5
384,384,"(1, 9)","(1, 5)",1,9,1,5,0.52,0.93,0.11,0.37,0.49,0.73,0.36,0.79,0.3,0.7
385,385,"(4, 9)","(2, 8)",4,9,2,8,0.52,0.92,1.0,1.0,1.0,1.0,1.0,1.0,1.0,1.0
386,386,"(3, 8)","(3, 7)",3,8,3,7,0.47,0.82,0.6,0.65,0.89,0.45,0.64,0.71,0.71,0.63
387,387,"(4, 8)","(3, 3)",4,8,3,3,0.55,0.46,0.38,0.34,0.38,0.3,0.2,0.12,0.04,0.01
388,388,"(1, 7)","(5, 5)",1,7,5,5,0.43,0.6,0.62,0.51,0.61,0.51,0.62,0.47,0.58,0.49
389,389,"(7, 7)","(2, 3)",7,7,2,3,0.38,0.19,0.1,0.08,0.07,0.06,0.06,0.06,0.06,0.06
390,390,"(1, 2)","(5, 9)",1,2,5,9,0.48,0.22,0.46,0.3,0.43,0.25,0.38,0.34,0.33,0.43
391,391,"(8, 8)","(2, 8)",8,8,2,8,0.45,0.42,0.42,0.42,0.42,0.42,0.42,0.42,0.42,0.42
392,392,"(2, 8)","(1, 4)",2,8,1,4,0.48,0.84,0.18,0.34,0.5,0.68,0.39,0.57,0.54,0.6
393,393,"(0, 1)","(1, 2)",0,1,1,2,0.57,0.05,0.91,0.0,1.0,0.0,1.0,0.0,1.0,0.0
394,394,"(0, 7)","(2, 9)",0,7,2,9,0.53,0.98,0.98,0.98,0.98,0.98,0.98,0.98,0.98,0.98
395,395,"(3, 4)","(3, 9)",3,4,3,9,0.5,0.71,0.72,0.72,0.72,0.72,0.72,0.72,0.72,0.72
396,396,"(0, 0)","(4, 6)",0,0,4,6,0.52,0.35,0.33,0.24,0.11,0.48,0.37,0.21,0.24,0.42
397,397,"(3, 3)","(0, 1)",3,3,0,1,0.57,0.07,0.08,0.06,0.06,0.06,0.06,0.06,0.06,0.06
398,398,"(7, 8)","(2, 6)",7,8,2,6,0.48,0.5,0.45,0.45,0.45,0.45,0.45,0.45,0.45,0.45
399,399,"(8, 8)","(6, 9)",8,8,6,9,0.49,0.08,0.01,0.0,0.0,0.0,0.0,0.0,0.0,0.0
400,400,"(1, 4)","(5, 8)",1,4,5,8,0.57,0.46,0.64,0.58,0.68,0.58,0.65,0.6,0.6,0.56
401,401,"(3, 4)","(5, 7)",3,4,5,7,0.52,0.45,0.38,0.36,0.35,0.4,0.23,0.21,0.17,0.15
402,402,"(6, 6)","(3, 9)",6,6,3,9,0.55,0.57,0.57,0.59,0.6,0.6,0.6,0.6,0.6,0.6
403,403,"(2, 3)","(3, 7)",2,3,3,7,0.46,0.55,0.68,0.68,0.68,0.68,0.68,0.68,0.68,0.68
404,404,"(9, 9)","(5, 9)",9,9,5,9,0.57,0.31,0.09,0.0,0.0,0.0,0.0,0.0,0.0,0.0
405,405,"(3, 8)","(5, 8)",3,8,5,8,0.43,0.49,0.54,0.6,0.67,0.7,0.77,0.81,0.89,0.95
406,406,"(0, 9)","(0, 7)",0,9,0,7,0.5,1.0,0.0,1.0,0.0,1.0,0.0,1.0,0.0,1.0
407,407,"(1, 6)","(4, 6)",1,6,4,6,0.5,0.77,0.58,0.63,0.73,0.64,0.61,0.79,0.51,0.64
408,408,"(5, 7)","(0, 6)",5,7,0,6,0.5,0.7,0.41,0.37,0.38,0.47,0.37,0.34,0.4,0.32
409,409,"(1, 6)","(4, 6)",1,6,4,6,0.63,0.88,0.2,0.45,0.66,0.8,0.52,0.67,0.71,0.57
410,410,"(2, 2)","(4, 4)",2,2,4,4,0.51,0.21,0.3,0.21,0.28,0.27,0.23,0.22,0.29,0.21
411,411,"(1, 3)","(0, 6)",1,3,0,6,0.43,0.64,0.6,0.6,0.6,0.6,0.6,0.6,0.6,0.6
412,412,"(0, 6)","(8, 9)",0,6,8,9,0.53,0.49,0.49,0.49,0.51,0.51,0.49,0.49,0.51,0.51
413,413,"(5, 9)","(2, 9)",5,9,2,9,0.61,0.82,0.87,0.9,0.93,0.96,1.0,1.0,1.0,1.0
414,414,"(4, 8)","(0, 4)",4,8,0,4,0.44,0.68,0.24,0.31,0.2,0.25,0.2,0.21,0.22,0.21
415,415,"(2, 5)","(7, 7)",2,5,7,7,0.44,0.54,0.36,0.3,0.51,0.36,0.43,0.5,0.38,0.43
416,416,"(1, 3)","(0, 2)",1,3,0,2,0.56,0.08,0.34,0.35,0.4,0.45,0.43,0.31,0.54,0.23
417,417,"(2, 3)","(2, 2)",2,3,2,2,0.43,0.35,0.29,0.55,0.19,0.26,0.45,0.23,0.45,0.23
418,418,"(3, 5)","(1, 7)",3,5,1,7,0.46,0.89,0.43,0.56,0.74,0.77,0.76,0.76,0.76,0.76
419,419,"(3, 5)","(3, 9)",3,5,3,9,0.5,0.85,0.85,0.85,0.85,0.85,0.85,0.85,0.85,0.85
420,420,"(0, 6)","(3, 6)",0,6,3,6,0.54,0.95,0.06,0.94,0.12,0.9,0.19,0.91,0.19,0.95
421,421,"(5, 9)","(1, 9)",5,9,1,9,0.57,0.83,0.93,0.98,1.0,1.0,1.0,1.0,1.0,1.0
422,422,"(3, 3)","(7, 9)",3,3,7,9,0.48,0.14,0.05,0.02,0.0,0.0,0.0,0.0,0.0,0.0
423,423,"(4, 8)","(7, 8)",4,8,7,8,0.57,0.39,0.36,0.34,0.31,0.28,0.26,0.24,0.22,0.19
424,424,"(4, 9)","(1, 5)",4,9,1,5,0.43,0.66,0.57,0.49,0.47,0.61,0.53,0.61,0.51,0.48
425,425,"(0, 3)","(3, 6)",0,3,3,6,0.51,0.65,0.57,0.53,0.59,0.6,0.6,0.6,0.6,0.6
426,426,"(0, 3)","(6, 9)",0,3,6,9,0.56,0.21,0.71,0.72,0.44,0.67,0.54,0.38,0.58,0.51
427,427,"(1, 5)","(3, 7)",1,5,3,7,0.63,0.81,0.72,0.76,0.74,0.74,0.74,0.74,0.74,0.74
428,428,"(4, 7)","(0, 3)",4,7,0,3,0.56,0.5,0.42,0.58,0.3,0.33,0.29,0.28,0.29,0.27
429,429,"(5, 6)","(6, 7)",5,6,6,7,0.57,0.37,0.15,0.04,0.0,0.0,0.0,0.0,0.0,0.0
430,430,"(4, 7)","(0, 2)",4,7,0,2,0.46,0.41,0.37,0.35,0.21,0.25,0.23,0.15,0.13,0.14
431,431,"(1, 6)","(5, 9)",1,6,5,9,0.58,0.64,0.63,0.73,0.79,0.81,0.88,0.87,0.93,0.93
432,432,"(4, 8)","(7, 8)",4,8,7,8,0.41,0.28,0.18,0.11,0.06,0.01,0.0,0.0,0.0,0.0
433,433,"(1, 6)","(4, 8)",1,6,4,8,0.46,0.82,0.9,0.9,0.9,0.9,0.9,0.9,0.9,0.9
434,434,"(1, 5)","(2, 6)",1,5,2,6,0.49,0.95,0.09,0.28,0.53,0.65,0.77,0.49,0.79,0.45
435,435,"(5, 7)","(7, 9)",5,7,7,9,0.42,0.09,0.0,0.0,0.0,0.0,0.0,0.0,0.0,0.0
436,436,"(6, 6)","(3, 9)",6,6,3,9,0.41,0.32,0.3,0.29,0.28,0.27,0.26,0.25,0.24,0.23
437,437,"(3, 9)","(4, 4)",3,9,4,4,0.45,0.65,0.49,0.54,0.51,0.55,0.63,0.48,0.54,0.51
438,438,"(1, 3)","(5, 9)",1,3,5,9,0.47,0.38,0.5,0.53,0.5,0.45,0.49,0.42,0.46,0.51
439,439,"(1, 9)","(5, 7)",1,9,5,7,0.53,0.73,0.78,0.63,0.74,0.77,0.87,0.66,0.75,0.85
440,440,"(2, 4)","(0, 8)",2,4,0,8,0.49,0.75,0.79,0.79,0.79,0.79,0.79,0.79,0.79,0.79
441,441,"(1, 7)","(1, 1)",1,7,1,1,0.43,0.59,0.41,0.58,0.42,0.59,0.4,0.56,0.44,0.58
442,442,"(7, 9)","(4, 8)",7,9,4,8,0.46,0.27,0.15,0.04,0.0,0.0,0.0,0.0,0.0,0.0
443,443,"(1, 6)","(2, 8)",1,6,2,8,0.53,0.95,0.95,0.95,0.95,0.95,0.95,0.95,0.95,0.95
444,444,"(4, 7)","(8, 9)",4,7,8,9,0.5,0.27,0.11,0.04,0.01,0.0,0.0,0.0,0.0,0.0
445,445,"(3, 8)","(2, 5)",3,8,2,5,0.59,0.86,0.21,0.22,0.38,0.3,0.53,0.6,0.7,0.42
446,446,"(4, 6)","(5, 7)",4,6,5,7,0.52,0.53,0.5,0.53,0.48,0.44,0.45,0.41,0.35,0.34
447,447,"(0, 9)","(3, 5)",0,9,3,5,0.48,0.9,0.15,0.93,0.07,0.93,0.07,0.93,0.07,0.93
448,448,"(5, 7)","(0, 8)",5,7,0,8,0.46,0.63,0.74,0.88,0.95,0.98,0.98,0.98,0.98,0.98
449,449,"(2, 6)","(1, 5)",2,6,1,5,0.46,0.85,0.16,0.31,0.5,0.6,0.73,0.3,0.5,0.59
450,450,"(1, 5)","(2, 9)",1,5,2,9,0.56,0.9,0.9,0.9,0.9,0.9,0.9,0.9,0.9,0.9
451,451,"(0, 3)","(0, 3)",0,3,0,3,0.47,0.4,0.56,0.38,0.59,0.38,0.59,0.38,0.59,0.38
452,452,"(1, 2)","(2, 3)",1,2,2,3,0.46,0.29,0.43,0.32,0.45,0.27,0.47,0.31,0.41,0.36
453,453,"(4, 5)","(5, 8)",4,5,5,8,0.46,0.3,0.18,0.08,0.02,0.0,0.0,0.0,0.0,0.0
454,454,"(1, 6)","(1, 9)",1,6,1,9,0.57,1.0,1.0,1.0,1.0,1.0,1.0,1.0,1.0,1.0
455,455,"(1, 6)","(5, 6)",1,6,5,6,0.52,0.74,0.62,0.63,0.65,0.59,0.59,0.66,0.59,0.51
456,456,"(2, 2)","(2, 9)",2,2,2,9,0.47,0.51,0.54,0.54,0.54,0.54,0.54,0.54,0.54,0.54
457,457,"(6, 8)","(3, 4)",6,8,3,4,0.51,0.36,0.14,0.07,0.02,0.0,0.0,0.0,0.0,0.0
458,458,"(1, 6)","(6, 8)",1,6,6,8,0.58,0.56,0.49,0.54,0.48,0.52,0.5,0.5,0.49,0.51
459,459,"(8, 8)","(2, 5)",8,8,2,5,0.49,0.42,0.38,0.37,0.36,0.36,0.36,0.36,0.36,0.36
460,460,"(2, 5)","(5, 9)",2,5,5,9,0.56,0.55,0.6,0.62,0.68,0.65,0.73,0.63,0.74,0.74
461,461,"(1, 4)","(1, 8)",1,4,1,8,0.44,0.86,0.86,0.86,0.86,0.86,0.86,0.86,0.86,0.86
462,462,"(3, 8)","(0, 9)",3,8,0,9,0.48,0.82,0.99,1.0,1.0,1.0,1.0,1.0,1.0,1.0
463,463,"(2, 9)","(3, 6)",2,9,3,6,0.57,0.83,0.44,0.51,0.83,0.4,0.62,0.66,0.68,0.58
464,464,"(4, 7)","(5, 5)",4,7,5,5,0.5,0.37,0.26,0.18,0.08,0.03,0.0,0.0,0.0,0.0
465,465,"(3, 8)","(1, 7)",3,8,1,7,0.52,0.9,0.39,0.43,0.72,0.46,0.68,0.72,0.79,0.75
466,466,"(5, 7)","(0, 4)",5,7,0,4,0.53,0.37,0.25,0.25,0.25,0.25,0.25,0.25,0.25,0.25
467,467,"(5, 7)","(1, 8)",5,7,1,8,0.48,0.67,0.83,0.87,0.9,0.92,0.95,0.99,0.99,0.99
468,468,"(6, 6)","(0, 9)",6,6,0,9,0.47,0.51,0.53,0.56,0.58,0.6,0.61,0.61,0.61,0.61
469,469,"(2, 8)","(6, 6)",2,8,6,6,0.53,0.54,0.49,0.52,0.48,0.52,0.48,0.52,0.48,0.52
470,470,"(3, 4)","(4, 4)",3,4,4,4,0.48,0.35,0.35,0.42,0.4,0.41,0.41,0.34,0.38,0.25
471,471,"(1, 4)","(3, 8)",1,4,3,8,0.46,0.72,0.73,0.73,0.73,0.73,0.73,0.73,0.73,0.73
472,472,"(2, 9)","(1, 7)",2,9,1,7,0.6,0.99,0.09,0.2,0.37,0.44,0.78,0.45,0.88,0.6
473,473,"(3, 8)","(3, 9)",3,8,3,9,0.42,0.76,0.97,1.0,1.0,1.0,1.0,1.0,1.0,1.0
474,474,"(0, 7)","(5, 7)",0,7,5,7,0.51,0.69,0.77,0.73,0.8,0.77,0.75,0.82,0.8,0.72
475,475,"(3, 7)","(5, 8)",3,7,5,8,0.44,0.56,0.54,0.62,0.62,0.64,0.62,0.66,0.65,0.67
476,476,"(1, 5)","(6, 7)",1,5,6,7,0.55,0.39,0.58,0.55,0.57,0.51,0.49,0.52,0.51,0.47
477,477,"(1, 8)","(1, 2)",1,8,1,2,0.56,0.47,0.61,0.41,0.55,0.44,0.58,0.44,0.53,0.45
478,478,"(0, 2)","(4, 4)",0,2,4,4,0.39,0.21,0.67,0.17,0.78,0.07,0.91,0.0,1.0,0.0
479,479,"(4, 8)","(5, 7)",4,8,5,7,0.46,0.46,0.42,0.36,0.31,0.25,0.18,0.13,0.08,0.04
480,480,"(2, 3)","(0, 7)",2,3,0,7,0.49,0.66,0.66,0.66,0.66,0.66,0.66,0.66,0.66,0.66
481,481,"(6, 9)","(8, 9)",6,9,8,9,0.56,0.12,0.0,0.0,0.0,0.0,0.0,0.0,0.0,0.0
482,482,"(1, 7)","(6, 8)",1,7,6,8,0.51,0.59,0.57,0.5,0.52,0.48,0.52,0.48,0.52,0.48
483,483,"(3, 4)","(2, 5)",3,4,2,5,0.46,0.75,0.27,0.4,0.37,0.53,0.48,0.62,0.54,0.62
484,484,"(0, 1)","(0, 4)",0,1,0,4,0.42,0.39,0.41,0.41,0.41,0.41,0.41,0.41,0.41,0.41
485,485,"(5, 8)","(3, 9)",5,8,3,9,0.55,0.69,0.78,0.85,0.89,0.93,0.96,1.0,1.0,1.0
486,486,"(1, 5)","(0, 9)",1,5,0,9,0.52,0.9,0.9,0.9,0.9,0.9,0.9,0.9,0.9,0.9
487,487,"(1, 8)","(6, 9)",1,8,6,9,0.49,0.55,0.5,0.5,0.5,0.5,0.5,0.5,0.5,0.5
488,488,"(1, 7)","(4, 9)",1,7,4,9,0.35,0.74,0.93,0.95,0.95,0.95,0.95,0.95,0.95,0.95
489,489,"(6, 8)","(5, 7)",6,8,5,7,0.49,0.2,0.03,0.0,0.0,0.0,0.0,0.0,0.0,0.0
490,490,"(7, 8)","(1, 5)",7,8,1,5,0.48,0.37,0.37,0.37,0.37,0.37,0.37,0.37,0.37,0.37
491,491,"(4, 7)","(7, 8)",4,7,7,8,0.54,0.33,0.23,0.12,0.01,0.0,0.0,0.0,0.0,0.0
492,492,"(7, 9)","(0, 9)",7,9,0,9,0.49,0.52,0.53,0.53,0.53,0.53,0.53,0.53,0.53,0.53
493,493,"(3, 6)","(2, 7)",3,6,2,7,0.5,0.96,0.26,0.43,0.56,0.72,0.74,0.81,0.74,0.79
494,494,"(3, 6)","(5, 8)",3,6,5,8,0.53,0.63,0.65,0.68,0.74,0.8,0.82,0.89,0.92,0.95
495,495,"(5, 9)","(0, 6)",5,9,0,6,0.47,0.63,0.62,0.54,0.68,0.62,0.64,0.48,0.62,0.48
496,496,"(1, 9)","(4, 7)",1,9,4,7,0.46,0.75,0.92,0.51,0.63,0.86,0.74,0.59,0.87,0.55
497,497,"(2, 5)","(4, 6)",2,5,4,6,0.49,0.72,0.57,0.65,0.74,0.55,0.67,0.74,0.61,0.7
498,498,"(3, 7)","(6, 7)",3,7,6,7,0.47,0.45,0.5,0.49,0.51,0.49,0.51,0.49,0.51,0.49
499,499,"(0, 6)","(2, 4)",0,6,2,4,0.47,0.86,0.13,0.94,0.06,0.98,0.0,1.0,0.0,1.0
500,500,"(2, 3)","(0, 9)",2,3,0,9,0.53,0.66,0.66,0.66,0.66,0.66,0.66,0.66,0.66,0.66
501,501,"(5, 8)","(0, 1)",5,8,0,1,0.51,0.16,0.1,0.1,0.1,0.1,0.1,0.1,0.1,0.1
502,502,"(5, 9)","(2, 9)",5,9,2,9,0.62,0.8,0.93,1.0,1.0,1.0,1.0,1.0,1.0,1.0
503,503,"(1, 3)","(0, 6)",1,3,0,6,0.47,0.72,0.46,0.63,0.6,0.6,0.6,0.6,0.6,0.6
504,504,"(0, 7)","(3, 9)",0,7,3,9,0.45,0.89,0.89,0.89,0.89,0.89,0.89,0.89,0.89,0.89
505,505,"(4, 8)","(4, 5)",4,8,4,5,0.55,0.57,0.66,0.58,0.43,0.36,0.36,0.33,0.31,0.2
506,506,"(1, 6)","(6, 8)",1,6,6,8,0.5,0.61,0.53,0.5,0.54,0.43,0.54,0.47,0.51,0.47
507,507,"(1, 4)","(4, 9)",1,4,4,9,0.56,0.61,0.67,0.7,0.71,0.7,0.71,0.7,0.71,0.7
508,508,"(6, 8)","(2, 3)",6,8,2,3,0.5,0.2,0.08,0.03,0.01,0.0,0.0,0.0,0.0,0.0
509,509,"(0, 8)","(5, 8)",0,8,5,8,0.54,0.79,0.91,0.99,1.0,1.0,1.0,1.0,1.0,1.0
510,510,"(5, 7)","(5, 6)",5,7,5,6,0.47,0.21,0.07,0.02,0.0,0.0,0.0,0.0,0.0,0.0
511,511,"(4, 7)","(2, 6)",4,7,2,6,0.53,0.84,0.47,0.46,0.53,0.6,0.5,0.46,0.54,0.55
512,512,"(6, 8)","(0, 1)",6,8,0,1,0.51,0.11,0.1,0.1,0.1,0.1,0.1,0.1,0.1,0.1
513,513,"(0, 5)","(1, 4)",0,5,1,4,0.54,0.66,0.43,0.65,0.41,0.64,0.44,0.64,0.44,0.64
514,514,"(1, 9)","(0, 3)",1,9,0,3,0.54,0.65,0.39,0.59,0.45,0.66,0.36,0.51,0.53,0.51
515,515,"(3, 9)","(0, 8)",3,9,0,8,0.48,0.9,1.0,1.0,1.0,1.0,1.0,1.0,1.0,1.0
516,516,"(2, 5)","(2, 4)",2,5,2,4,0.56,0.63,0.4,0.42,0.77,0.21,0.39,0.46,0.56,0.58
517,517,"(2, 4)","(0, 1)",2,4,0,1,0.39,0.42,0.29,0.41,0.41,0.31,0.4,0.31,0.35,0.4
518,518,"(5, 5)","(0, 8)",5,5,0,8,0.49,0.59,0.65,0.72,0.77,0.81,0.82,0.84,0.86,0.86
519,519,"(0, 5)","(3, 7)",0,5,3,7,0.51,0.9,0.59,0.83,0.68,0.81,0.71,0.8,0.73,0.79
520,520,"(0, 6)","(0, 2)",0,6,0,2,0.5,0.54,0.51,0.53,0.46,0.56,0.44,0.59,0.41,0.6
521,521,"(1, 5)","(3, 7)",1,5,3,7,0.51,0.87,0.56,0.82,0.72,0.78,0.73,0.77,0.75,0.75
522,522,"(2, 3)","(2, 3)",2,3,2,3,0.46,0.42,0.44,0.35,0.41,0.42,0.48,0.3,0.34,0.43
523,523,"(7, 7)","(1, 4)",7,7,1,4,0.44,0.35,0.33,0.33,0.33,0.33,0.33,0.33,0.33,0.33
524,524,"(6, 7)","(0, 0)",6,7,0,0,0.46,0.06,0.06,0.06,0.06,0.06,0.06,0.06,0.06,0.06
525,525,"(4, 6)","(4, 5)",4,6,4,5,0.43,0.47,0.33,0.3,0.19,0.16,0.09,0.03,0.0,0.0
526,526,"(1, 2)","(6, 8)",1,2,6,8,0.44,0.11,0.41,0.19,0.43,0.2,0.39,0.19,0.45,0.22
527,527,"(2, 9)","(5, 9)",2,9,5,9,0.52,0.68,0.78,0.88,0.96,1.0,1.0,1.0,1.0,1.0
528,528,"(5, 8)","(5, 9)",5,8,5,9,0.55,0.51,0.48,0.46,0.43,0.4,0.38,0.34,0.32,0.29
529,529,"(1, 9)","(4, 6)",1,9,4,6,0.59,0.84,0.52,0.69,0.83,0.4,0.68,0.78,0.58,0.74
530,530,"(8, 9)","(0, 5)",8,9,0,5,0.54,0.42,0.42,0.42,0.42,0.42,0.42,0.42,0.42,0.42
531,531,"(0, 6)","(0, 6)",0,6,0,6,0.54,0.96,0.1,0.98,0.04,1.0,0.0,1.0,0.0,1.0
532,532,"(6, 7)","(1, 1)",6,7,1,1,0.48,0.1,0.04,0.0,0.0,0.0,0.0,0.0,0.0,0.0
533,533,"(0, 5)","(4, 6)",0,5,4,6,0.53,0.65,0.66,0.64,0.71,0.57,0.75,0.61,0.67,0.68
534,534,"(4, 4)","(2, 7)",4,4,2,7,0.57,0.7,0.71,0.71,0.71,0.71,0.71,0.71,0.71,0.71
535,535,"(1, 4)","(8, 9)",1,4,8,9,0.62,0.16,0.43,0.35,0.43,0.35,0.35,0.51,0.31,0.46
536,536,"(4, 4)","(0, 7)",4,4,0,7,0.51,0.62,0.64,0.67,0.68,0.7,0.72,0.72,0.72,0.72
537,537,"(7, 8)","(9, 9)",7,8,9,9,0.54,0.01,0.0,0.0,0.0,0.0,0.0,0.0,0.0,0.0
538,538,"(2, 5)","(6, 9)",2,5,6,9,0.52,0.57,0.43,0.51,0.31,0.46,0.41,0.45,0.5,0.41
539,539,"(5, 6)","(3, 5)",5,6,3,5,0.59,0.63,0.48,0.43,0.38,0.36,0.27,0.22,0.17,0.16
540,540,"(0, 3)","(3, 4)",0,3,3,4,0.42,0.51,0.42,0.46,0.5,0.42,0.52,0.43,0.6,0.36
541,541,"(0, 1)","(9, 9)",0,1,9,9,0.45,0.03,0.92,0.01,0.99,0.0,1.0,0.0,1.0,0.0
542,542,"(3, 9)","(3, 4)",3,9,3,4,0.49,0.76,0.3,0.36,0.5,0.47,0.52,0.56,0.6,0.5
543,543,"(5, 6)","(1, 7)",5,6,1,7,0.5,0.63,0.6,0.67,0.73,0.63,0.69,0.76,0.7,0.75
544,544,"(5, 7)","(6, 6)",5,7,6,6,0.45,0.19,0.02,0.0,0.0,0.0,0.0,0.0,0.0,0.0
545,545,"(1, 6)","(4, 8)",1,6,4,8,0.57,0.88,0.9,0.9,0.9,0.9,0.9,0.9,0.9,0.9
546,546,"(0, 2)","(2, 8)",0,2,2,8,0.43,0.5,0.55,0.55,0.55,0.55,0.55,0.55,0.55,0.55
547,547,"(3, 7)","(1, 2)",3,7,1,2,0.49,0.49,0.56,0.31,0.42,0.49,0.47,0.56,0.39,0.28
548,548,"(4, 4)","(2, 4)",4,4,2,4,0.43,0.51,0.37,0.38,0.35,0.27,0.23,0.23,0.24,0.2
549,549,"(4, 8)","(7, 9)",4,8,7,9,0.54,0.34,0.19,0.08,0.05,0.02,0.0,0.0,0.0,0.0
550,550,"(8, 9)","(5, 9)",8,9,5,9,0.48,0.19,0.1,0.03,0.0,0.0,0.0,0.0,0.0,0.0
551,551,"(1, 8)","(6, 8)",1,8,6,8,0.51,0.54,0.47,0.53,0.47,0.53,0.47,0.53,0.47,0.53
552,552,"(0, 0)","(2, 3)",0,0,2,3,0.55,0.15,0.35,0.16,0.35,0.18,0.23,0.41,0.15,0.41
553,553,"(1, 2)","(5, 9)",1,2,5,9,0.49,0.16,0.29,0.26,0.53,0.36,0.35,0.26,0.41,0.23
554,554,"(1, 6)","(7, 8)",1,6,7,8,0.56,0.42,0.57,0.42,0.55,0.41,0.56,0.42,0.55,0.41
555,555,"(3, 7)","(4, 9)",3,7,4,9,0.49,0.76,0.94,0.98,0.98,0.98,0.98,0.98,0.98,0.98
556,556,"(6, 9)","(4, 6)",6,9,4,6,0.53,0.44,0.27,0.13,0.1,0.06,0.02,0.0,0.0,0.0
557,557,"(1, 2)","(0, 0)",1,2,0,0,0.54,0.09,0.24,0.19,0.32,0.24,0.43,0.21,0.35,0.25
558,558,"(6, 7)","(2, 9)",6,7,2,9,0.58,0.63,0.71,0.75,0.77,0.77,0.77,0.77,0.77,0.77
559,559,"(8, 8)","(1, 2)",8,8,1,2,0.59,0.05,0.02,0.02,0.02,0.02,0.02,0.02,0.02,0.02
560,560,"(2, 7)","(6, 6)",2,7,6,6,0.52,0.54,0.51,0.49,0.51,0.49,0.51,0.49,0.51,0.49
561,561,"(1, 2)","(5, 6)",1,2,5,6,0.59,0.34,0.34,0.51,0.31,0.26,0.28,0.36,0.39,0.48
562,562,"(9, 9)","(3, 9)",9,9,3,9,0.42,0.26,0.21,0.16,0.11,0.09,0.07,0.07,0.07,0.07
563,563,"(2, 4)","(1, 6)",2,4,1,6,0.43,0.84,0.36,0.58,0.68,0.63,0.65,0.6,0.63,0.63
564,564,"(0, 2)","(3, 6)",0,2,3,6,0.48,0.44,0.56,0.59,0.58,0.6,0.59,0.59,0.58,0.6
565,565,"(5, 7)","(2, 6)",5,7,2,6,0.53,0.73,0.35,0.37,0.37,0.4,0.36,0.39,0.4,0.42
566,566,"(1, 6)","(0, 9)",1,6,0,9,0.47,0.98,0.98,0.98,0.98,0.98,0.98,0.98,0.98,0.98
567,567,"(1, 3)","(1, 3)",1,3,1,3,0.56,0.25,0.42,0.46,0.41,0.45,0.31,0.56,0.19,0.41
568,568,"(3, 4)","(3, 9)",3,4,3,9,0.57,0.74,0.74,0.74,0.74,0.74,0.74,0.74,0.74,0.74
569,569,"(5, 9)","(6, 8)",5,9,6,8,0.48,0.21,0.02,0.0,0.0,0.0,0.0,0.0,0.0,0.0
570,570,"(5, 9)","(5, 8)",5,9,5,8,0.65,0.7,0.69,0.67,0.64,0.6,0.56,0.53,0.51,0.5
571,571,"(4, 5)","(0, 3)",4,5,0,3,0.51,0.44,0.37,0.36,0.38,0.43,0.33,0.3,0.36,0.37
572,572,"(1, 6)","(6, 8)",1,6,6,8,0.51,0.6,0.46,0.53,0.51,0.49,0.49,0.55,0.47,0.52
573,573,"(3, 4)","(5, 8)",3,4,5,8,0.58,0.47,0.51,0.46,0.43,0.32,0.3,0.3,0.24,0.25
574,574,"(2, 9)","(2, 3)",2,9,2,3,0.48,0.66,0.36,0.52,0.51,0.62,0.39,0.46,0.71,0.31
575,575,"(1, 9)","(1, 8)",1,9,1,8,0.5,1.0,1.0,1.0,1.0,1.0,1.0,1.0,1.0,1.0
576,576,"(3, 6)","(2, 2)",3,6,2,2,0.56,0.44,0.44,0.49,0.39,0.48,0.49,0.34,0.43,0.43
577,577,"(4, 7)","(2, 4)",4,7,2,4,0.47,0.75,0.25,0.31,0.27,0.32,0.37,0.33,0.32,0.33
578,578,"(4, 9)","(1, 5)",4,9,1,5,0.45,0.66,0.38,0.41,0.51,0.56,0.44,0.53,0.48,0.53
579,579,"(3, 7)","(2, 4)",3,7,2,4,0.51,0.86,0.13,0.09,0.12,0.12,0.17,0.16,0.3,0.21
580,580,"(0, 9)","(2, 2)",0,9,2,2,0.53,0.52,0.51,0.5,0.51,0.49,0.51,0.49,0.51,0.49
581,581,"(6, 9)","(8, 9)",6,9,8,9,0.51,0.06,0.0,0.0,0.0,0.0,0.0,0.0,0.0,0.0
582,582,"(1, 1)","(0, 1)",1,1,0,1,0.54,0.02,0.18,0.06,0.54,0.0,0.0,0.0,0.0,0.0
583,583,"(1, 7)","(0, 6)",1,7,0,6,0.43,1.0,0.0,0.0,0.0,0.0,0.0,0.0,0.0,0.0
584,584,"(5, 9)","(5, 8)",5,9,5,8,0.6,0.6,0.57,0.57,0.49,0.46,0.41,0.37,0.3,0.24
585,585,"(6, 8)","(1, 4)",6,8,1,4,0.53,0.42,0.38,0.27,0.25,0.25,0.25,0.25,0.25,0.25
586,586,"(5, 9)","(0, 5)",5,9,0,5,0.47,0.58,0.42,0.48,0.44,0.5,0.57,0.42,0.33,0.36
587,587,"(6, 9)","(1, 1)",6,9,1,1,0.53,0.12,0.04,0.04,0.04,0.04,0.04,0.04,0.04,0.04
588,588,"(1, 3)","(0, 6)",1,3,0,6,0.52,0.61,0.57,0.57,0.57,0.57,0.57,0.57,0.57,0.57
589,589,"(6, 7)","(4, 9)",6,7,4,9,0.49,0.32,0.21,0.14,0.11,0.09,0.07,0.04,0.0,0.0
590,590,"(2, 3)","(6, 6)",2,3,6,6,0.51,0.17,0.29,0.29,0.33,0.35,0.3,0.26,0.39,0.41
591,591,"(1, 2)","(7, 8)",1,2,7,8,0.5,0.1,0.2,0.33,0.28,0.36,0.25,0.43,0.16,0.33
592,592,"(4, 8)","(2, 9)",4,8,2,9,0.48,0.82,0.96,1.0,1.0,1.0,1.0,1.0,1.0,1.0
593,593,"(0, 8)","(0, 3)",0,8,0,3,0.52,0.64,0.44,0.64,0.38,0.66,0.35,0.67,0.33,0.69
594,594,"(5, 7)","(4, 7)",5,7,4,7,0.4,0.27,0.23,0.19,0.16,0.14,0.12,0.1,0.08,0.06
595,595,"(2, 8)","(5, 9)",2,8,5,9,0.49,0.71,0.84,0.89,0.95,0.98,1.0,1.0,1.0,1.0
596,596,"(1, 7)","(1, 7)",1,7,1,7,0.49,1.0,0.0,0.0,0.0,0.0,0.0,0.0,0.0,0.0
597,597,"(0, 5)","(7, 8)",0,5,7,8,0.47,0.48,0.51,0.54,0.46,0.48,0.46,0.64,0.41,0.57
598,598,"(4, 5)","(0, 2)",4,5,0,2,0.55,0.35,0.25,0.16,0.15,0.14,0.14,0.14,0.14,0.14
599,599,"(6, 8)","(3, 5)",6,8,3,5,0.48,0.44,0.35,0.23,0.21,0.16,0.13,0.12,0.1,0.08
600,600,"(8, 9)","(0, 7)",8,9,0,7,0.45,0.45,0.45,0.45,0.45,0.45,0.45,0.45,0.45,0.45
601,601,"(2, 8)","(6, 7)",2,8,6,7,0.48,0.5,0.5,0.5,0.5,0.5,0.5,0.5,0.5,0.5
602,602,"(0, 5)","(2, 6)",0,5,2,6,0.4,0.94,0.04,0.96,0.06,0.94,0.1,0.92,0.15,0.9
603,603,"(4, 8)","(0, 3)",4,8,0,3,0.49,0.57,0.43,0.37,0.37,0.46,0.42,0.38,0.31,0.42
604,604,"(1, 4)","(2, 8)",1,4,2,8,0.51,0.84,0.84,0.84,0.84,0.84,0.84,0.84,0.84,0.84
605,605,"(8, 9)","(7, 8)",8,9,7,8,0.55,0.01,0.0,0.0,0.0,0.0,0.0,0.0,0.0,0.0
606,606,"(3, 9)","(3, 6)",3,9,3,6,0.49,0.71,0.48,0.8,0.38,0.52,0.59,0.63,0.76,0.56
607,607,"(7, 7)","(2, 7)",7,7,2,7,0.5,0.49,0.48,0.48,0.48,0.48,0.48,0.48,0.48,0.48
608,608,"(4, 8)","(0, 3)",4,8,0,3,0.45,0.58,0.4,0.42,0.4,0.45,0.51,0.37,0.46,0.25
609,609,"(2, 5)","(2, 4)",2,5,2,4,0.45,0.68,0.31,0.39,0.65,0.45,0.29,0.72,0.23,0.53
610,610,"(3, 7)","(3, 7)",3,7,3,7,0.54,0.89,0.47,0.45,0.71,0.64,0.9,0.47,0.59,0.86
611,611,"(1, 4)","(3, 5)",1,4,3,5,0.47,0.71,0.33,0.62,0.54,0.65,0.45,0.53,0.6,0.44
612,612,"(1, 2)","(3, 4)",1,2,3,4,0.49,0.3,0.47,0.34,0.37,0.39,0.4,0.36,0.32,0.51
613,613,"(4, 6)","(9, 9)",4,6,9,9,0.6,0.36,0.22,0.11,0.06,0.02,0.0,0.0,0.0,0.0
614,614,"(3, 7)","(0, 4)",3,7,0,4,0.51,0.67,0.41,0.5,0.59,0.42,0.64,0.43,0.42,0.61
615,615,"(0, 0)","(0, 4)",0,0,0,4,0.42,0.36,0.36,0.36,0.36,0.36,0.36,0.36,0.36,0.36
616,616,"(5, 5)","(2, 9)",5,5,2,9,0.5,0.6,0.67,0.72,0.74,0.76,0.8,0.84,0.88,0.88
617,617,"(0, 7)","(1, 9)",0,7,1,9,0.52,1.0,1.0,1.0,1.0,1.0,1.0,1.0,1.0,1.0
618,618,"(0, 9)","(6, 7)",0,9,6,7,0.52,0.54,0.59,0.49,0.52,0.48,0.52,0.48,0.52,0.48
619,619,"(7, 9)","(0, 9)",7,9,0,9,0.47,0.47,0.47,0.47,0.47,0.47,0.47,0.47,0.47,0.47
620,620,"(4, 8)","(2, 5)",4,8,2,5,0.55,0.74,0.41,0.43,0.46,0.57,0.53,0.65,0.49,0.59
621,621,"(4, 5)","(0, 1)",4,5,0,1,0.53,0.26,0.26,0.18,0.13,0.11,0.11,0.11,0.11,0.11
622,622,"(2, 5)","(2, 4)",2,5,2,4,0.52,0.69,0.34,0.47,0.69,0.35,0.34,0.68,0.28,0.41
623,623,"(3, 7)","(5, 6)",3,7,5,6,0.5,0.6,0.6,0.69,0.58,0.68,0.7,0.7,0.64,0.63
624,624,"(4, 9)","(0, 8)",4,9,0,8,0.49,0.78,0.94,1.0,1.0,1.0,1.0,1.0,1.0,1.0
625,625,"(0, 2)","(1, 6)",0,2,1,6,0.51,0.52,0.52,0.52,0.52,0.52,0.52,0.52,0.52,0.52
626,626,"(5, 9)","(2, 5)",5,9,2,5,0.44,0.5,0.47,0.41,0.53,0.35,0.37,0.35,0.31,0.32
627,627,"(3, 3)","(3, 8)",3,3,3,8,0.41,0.42,0.48,0.48,0.53,0.53,0.57,0.6,0.62,0.64
628,628,"(5, 9)","(1, 5)",5,9,1,5,0.44,0.55,0.45,0.47,0.49,0.49,0.44,0.5,0.39,0.43
629,629,"(7, 8)","(1, 7)",7,8,1,7,0.45,0.47,0.46,0.47,0.46,0.47,0.46,0.47,0.46,0.47
630,630,"(0, 9)","(4, 9)",0,9,4,9,0.39,0.74,1.0,1.0,1.0,1.0,1.0,1.0,1.0,1.0
631,631,"(0, 6)","(3, 3)",0,6,3,3,0.53,0.58,0.45,0.57,0.44,0.58,0.44,0.59,0.42,0.61
632,632,"(1, 4)","(0, 4)",1,4,0,4,0.56,0.52,0.47,0.54,0.43,0.41,0.59,0.35,0.5,0.46
633,633,"(6, 8)","(1, 2)",6,8,1,2,0.44,0.14,0.07,0.07,0.07,0.07,0.07,0.07,0.07,0.07
634,634,"(1, 2)","(0, 1)",1,2,0,1,0.47,0.04,0.2,0.22,0.48,0.13,0.29,0.36,0.32,0.24
635,635,"(4, 6)","(4, 5)",4,6,4,5,0.52,0.61,0.49,0.55,0.41,0.41,0.29,0.25,0.22,0.21
636,636,"(3, 9)","(0, 6)",3,9,0,6,0.52,0.96,0.08,0.1,0.14,0.19,0.31,0.29,0.5,0.49
637,637,"(0, 2)","(7, 7)",0,2,7,7,0.52,0.06,0.93,0.17,0.73,0.39,0.27,0.59,0.35,0.32
638,638,"(1, 4)","(8, 9)",1,4,8,9,0.46,0.36,0.4,0.38,0.48,0.36,0.5,0.35,0.37,0.45
639,639,"(0, 3)","(4, 6)",0,3,4,6,0.38,0.61,0.4,0.52,0.55,0.48,0.48,0.55,0.53,0.64
640,640,"(1, 3)","(2, 3)",1,3,2,3,0.45,0.47,0.44,0.42,0.42,0.4,0.41,0.44,0.39,0.46
641,641,"(4, 4)","(4, 9)",4,4,4,9,0.56,0.51,0.49,0.42,0.36,0.35,0.34,0.32,0.29,0.29
642,642,"(5, 8)","(3, 6)",5,8,3,6,0.57,0.75,0.38,0.34,0.27,0.24,0.24,0.2,0.18,0.18
643,643,"(3, 5)","(3, 7)",3,5,3,7,0.45,0.72,0.79,0.77,0.77,0.77,0.77,0.77,0.77,0.77
644,644,"(0, 9)","(4, 7)",0,9,4,7,0.44,0.77,0.97,0.15,0.93,0.33,0.87,0.53,0.83,0.67
645,645,"(0, 5)","(3, 6)",0,5,3,6,0.45,0.87,0.28,0.85,0.26,0.9,0.17,0.9,0.21,0.92
646,646,"(0, 7)","(2, 3)",0,7,2,3,0.44,0.76,0.24,0.88,0.1,0.92,0.08,0.95,0.05,0.99
647,647,"(0, 7)","(0, 7)",0,7,0,7,0.54,0.99,0.08,0.99,0.08,0.99,0.08,0.99,0.08,0.99
648,648,"(0, 2)","(2, 6)",0,2,2,6,0.45,0.6,0.59,0.62,0.62,0.62,0.62,0.62,0.62,0.62
649,649,"(0, 8)","(3, 3)",0,8,3,3,0.51,0.6,0.45,0.59,0.45,0.59,0.42,0.6,0.4,0.6
650,650,"(6, 6)","(4, 6)",6,6,4,6,0.51,0.3,0.18,0.11,0.03,0.0,0.0,0.0,0.0,0.0
651,651,"(2, 5)","(2, 4)",2,5,2,4,0.54,0.68,0.31,0.49,0.52,0.5,0.57,0.5,0.48,0.55
652,652,"(0, 9)","(1, 5)",0,9,1,5,0.53,0.95,0.06,0.99,0.01,0.99,0.01,0.99,0.01,0.99
653,653,"(5, 9)","(4, 8)",5,9,4,8,0.46,0.42,0.4,0.4,0.37,0.36,0.35,0.34,0.34,0.34
654,654,"(0, 9)","(1, 6)",0,9,1,6,0.45,0.99,0.01,0.99,0.01,0.99,0.01,0.99,0.01,0.99
655,655,"(1, 3)","(0, 3)",1,3,0,3,0.47,0.41,0.48,0.28,0.48,0.36,0.51,0.3,0.54,0.3
656,656,"(1, 3)","(1, 4)",1,3,1,4,0.58,0.39,0.62,0.31,0.61,0.34,0.61,0.34,0.65,0.29
657,657,"(6, 7)","(4, 5)",6,7,4,5,0.51,0.4,0.24,0.05,0.01,0.0,0.0,0.0,0.0,0.0
658,658,"(0, 6)","(4, 9)",0,6,4,9,0.56,0.85,0.93,0.93,0.93,0.93,0.93,0.93,0.93,0.93
659,659,"(3, 7)","(0, 0)",3,7,0,0,0.52,0.45,0.47,0.49,0.51,0.49,0.51,0.49,0.51,0.49
660,660,"(3, 8)","(5, 6)",3,8,5,6,0.43,0.55,0.55,0.57,0.56,0.56,0.54,0.56,0.51,0.53
661,661,"(3, 7)","(2, 8)",3,7,2,8,0.56,0.98,0.98,0.98,0.98,0.98,0.98,0.98,0.98,0.98
662,662,"(1, 3)","(3, 8)",1,3,3,8,0.53,0.64,0.63,0.67,0.67,0.67,0.67,0.67,0.67,0.67
663,663,"(1, 5)","(2, 6)",1,5,2,6,0.49,0.91,0.16,0.48,0.72,0.6,0.74,0.47,0.64,0.74
664,664,"(2, 3)","(3, 5)",2,3,3,5,0.44,0.67,0.39,0.43,0.54,0.59,0.53,0.49,0.57,0.56
665,665,"(1, 5)","(1, 9)",1,5,1,9,0.49,0.92,0.92,0.92,0.92,0.92,0.92,0.92,0.92,0.92
666,666,"(5, 9)","(8, 9)",5,9,8,9,0.51,0.16,0.0,0.0,0.0,0.0,0.0,0.0,0.0,0.0
667,667,"(2, 3)","(2, 4)",2,3,2,4,0.41,0.61,0.25,0.36,0.61,0.36,0.39,0.53,0.48,0.45
668,668,"(7, 8)","(5, 8)",7,8,5,8,0.52,0.27,0.12,0.01,0.0,0.0,0.0,0.0,0.0,0.0
669,669,"(3, 5)","(6, 7)",3,5,6,7,0.56,0.33,0.37,0.35,0.38,0.41,0.44,0.42,0.39,0.33
670,670,"(0, 8)","(5, 5)",0,8,5,5,0.39,0.63,0.51,0.61,0.48,0.57,0.57,0.57,0.5,0.55
671,671,"(3, 8)","(9, 9)",3,8,9,9,0.48,0.45,0.52,0.48,0.52,0.48,0.52,0.48,0.52,0.48
672,672,"(4, 7)","(1, 7)",4,7,1,7,0.44,0.73,0.69,0.79,0.7,0.68,0.8,0.71,0.72,0.8
673,673,"(3, 5)","(8, 9)",3,5,8,9,0.46,0.42,0.43,0.38,0.39,0.44,0.41,0.45,0.4,0.33
674,674,"(5, 8)","(3, 7)",5,8,3,7,0.52,0.61,0.53,0.65,0.51,0.52,0.55,0.51,0.53,0.59
675,675,"(5, 9)","(5, 6)",5,9,5,6,0.49,0.29,0.12,0.0,0.0,0.0,0.0,0.0,0.0,0.0
676,676,"(2, 3)","(3, 9)",2,3,3,9,0.54,0.61,0.64,0.66,0.66,0.66,0.66,0.66,0.66,0.66
677,677,"(1, 6)","(3, 9)",1,6,3,9,0.53,0.91,0.92,0.92,0.92,0.92,0.92,0.92,0.92,0.92
678,678,"(7, 7)","(2, 5)",7,7,2,5,0.55,0.53,0.3,0.23,0.2,0.19,0.19,0.19,0.19,0.19
679,679,"(1, 7)","(0, 5)",1,7,0,5,0.5,0.96,0.05,0.21,0.36,0.64,0.7,0.64,0.59,0.69
680,680,"(3, 7)","(0, 1)",3,7,0,1,0.4,0.4,0.45,0.49,0.5,0.48,0.46,0.5,0.48,0.48
681,681,"(1, 8)","(7, 7)",1,8,7,7,0.56,0.48,0.53,0.47,0.53,0.47,0.53,0.47,0.53,0.47
682,682,"(0, 6)","(5, 5)",0,6,5,5,0.48,0.6,0.5,0.57,0.54,0.59,0.52,0.55,0.56,0.56
683,683,"(5, 6)","(3, 3)",5,6,3,3,0.5,0.32,0.14,0.07,0.0,0.0,0.0,0.0,0.0,0.0
684,684,"(3, 8)","(3, 9)",3,8,3,9,0.41,0.73,0.98,1.0,1.0,1.0,1.0,1.0,1.0,1.0
685,685,"(3, 6)","(2, 4)",3,6,2,4,0.45,0.78,0.25,0.17,0.33,0.32,0.58,0.26,0.36,0.58
686,686,"(1, 5)","(8, 9)",1,5,8,9,0.47,0.47,0.47,0.5,0.45,0.49,0.44,0.5,0.44,0.5
687,687,"(5, 8)","(3, 8)",5,8,3,8,0.44,0.49,0.52,0.53,0.55,0.57,0.58,0.58,0.58,0.58
688,688,"(0, 6)","(1, 3)",0,6,1,3,0.46,0.76,0.24,0.84,0.16,0.9,0.1,0.97,0.03,1.0
689,689,"(7, 8)","(3, 7)",7,8,3,7,0.6,0.63,0.55,0.56,0.57,0.56,0.57,0.56,0.57,0.56
690,690,"(6, 7)","(6, 9)",6,7,6,9,0.5,0.07,0.0,0.0,0.0,0.0,0.0,0.0,0.0,0.0
691,691,"(6, 9)","(7, 8)",6,9,7,8,0.47,0.05,0.0,0.0,0.0,0.0,0.0,0.0,0.0,0.0
692,692,"(5, 6)","(3, 7)",5,6,3,7,0.52,0.67,0.71,0.74,0.78,0.73,0.78,0.73,0.73,0.76
693,693,"(2, 7)","(2, 8)",2,7,2,8,0.56,1.0,1.0,1.0,1.0,1.0,1.0,1.0,1.0,1.0
694,694,"(1, 3)","(1, 8)",1,3,1,8,0.45,0.69,0.69,0.69,0.69,0.69,0.69,0.69,0.69,0.69
695,695,"(0, 0)","(1, 5)",0,0,1,5,0.57,0.42,0.43,0.42,0.43,0.42,0.43,0.42,0.43,0.42
696,696,"(0, 5)","(3, 8)",0,5,3,8,0.59,0.84,0.85,0.85,0.85,0.85,0.85,0.85,0.85,0.85
697,697,"(0, 8)","(4, 9)",0,8,4,9,0.45,0.75,0.98,1.0,1.0,1.0,1.0,1.0,1.0,1.0
698,698,"(6, 9)","(0, 1)",6,9,0,1,0.45,0.05,0.05,0.05,0.05,0.05,0.05,0.05,0.05,0.05
699,699,"(2, 7)","(3, 6)",2,7,3,6,0.53,0.86,0.32,0.59,0.69,0.72,0.51,0.73,0.65,0.48
700,700,"(4, 4)","(0, 5)",4,4,0,5,0.54,0.52,0.54,0.57,0.57,0.59,0.59,0.57,0.59,0.55
701,701,"(0, 8)","(6, 6)",0,8,6,6,0.41,0.6,0.48,0.52,0.49,0.51,0.5,0.5,0.5,0.5
702,702,"(4, 8)","(0, 9)",4,8,0,9,0.45,0.74,0.86,0.95,1.0,1.0,1.0,1.0,1.0,1.0
703,703,"(5, 7)","(3, 6)",5,7,3,6,0.4,0.34,0.27,0.29,0.24,0.25,0.26,0.29,0.24,0.24
704,704,"(0, 9)","(2, 4)",0,9,2,4,0.49,0.8,0.23,0.89,0.12,0.94,0.06,0.98,0.02,0.98
705,705,"(1, 7)","(0, 1)",1,7,0,1,0.44,0.56,0.46,0.57,0.43,0.53,0.46,0.55,0.43,0.53
706,706,"(2, 7)","(8, 8)",2,7,8,8,0.58,0.42,0.57,0.43,0.57,0.43,0.57,0.43,0.57,0.43
707,707,"(0, 6)","(4, 5)",0,6,4,5,0.53,0.69,0.44,0.73,0.39,0.81,0.25,0.84,0.19,0.87
708,708,"(4, 7)","(0, 6)",4,7,0,6,0.47,0.75,0.39,0.47,0.39,0.42,0.55,0.45,0.54,0.49
709,709,"(4, 6)","(0, 4)",4,6,0,4,0.53,0.57,0.4,0.55,0.36,0.44,0.48,0.45,0.43,0.45
710,710,"(2, 8)","(7, 8)",2,8,7,8,0.59,0.48,0.52,0.48,0.52,0.48,0.52,0.48,0.52,0.48
711,711,"(4, 6)","(4, 9)",4,6,4,9,0.49,0.64,0.72,0.79,0.86,0.91,0.96,0.96,0.96,0.96
712,712,"(4, 8)","(3, 5)",4,8,3,5,0.44,0.47,0.4,0.41,0.43,0.41,0.36,0.4,0.36,0.26
713,713,"(2, 4)","(2, 7)",2,4,2,7,0.51,0.8,0.59,0.74,0.67,0.69,0.69,0.69,0.69,0.69
714,714,"(5, 9)","(1, 2)",5,9,1,2,0.41,0.25,0.2,0.18,0.17,0.17,0.17,0.17,0.17,0.17
715,715,"(4, 4)","(1, 8)",4,4,1,8,0.57,0.69,0.75,0.75,0.75,0.75,0.75,0.75,0.75,0.75
716,716,"(2, 9)","(5, 8)",2,9,5,8,0.46,0.66,0.82,0.91,0.96,1.0,1.0,1.0,1.0,1.0
717,717,"(2, 9)","(4, 9)",2,9,4,9,0.55,0.86,0.99,1.0,1.0,1.0,1.0,1.0,1.0,1.0
718,718,"(1, 6)","(2, 6)",1,6,2,6,0.48,0.96,0.03,0.13,0.33,0.51,0.86,0.3,0.4,0.7
719,719,"(0, 2)","(0, 6)",0,2,0,6,0.47,0.51,0.51,0.51,0.51,0.51,0.51,0.51,0.51,0.51
720,720,"(6, 9)","(2, 3)",6,9,2,3,0.53,0.24,0.15,0.12,0.09,0.06,0.04,0.03,0.03,0.03
721,721,"(0, 2)","(6, 9)",0,2,6,9,0.57,0.13,0.79,0.66,0.6,0.4,0.44,0.44,0.27,0.48
722,722,"(1, 4)","(2, 4)",1,4,2,4,0.5,0.62,0.35,0.56,0.39,0.54,0.49,0.58,0.32,0.51
723,723,"(2, 5)","(2, 3)",2,5,2,3,0.47,0.68,0.26,0.46,0.44,0.65,0.29,0.44,0.52,0.43
724,724,"(3, 8)","(2, 4)",3,8,2,4,0.47,0.67,0.4,0.41,0.5,0.49,0.5,0.56,0.45,0.54
725,725,"(3, 7)","(3, 3)",3,7,3,3,0.52,0.51,0.5,0.5,0.4,0.37,0.41,0.51,0.56,0.45
726,726,"(2, 6)","(5, 8)",2,6,5,8,0.51,0.75,0.76,0.84,0.9,0.9,0.9,0.9,0.9,0.9
727,727,"(3, 7)","(3, 7)",3,7,3,7,0.53,0.89,0.52,0.54,0.83,0.58,0.79,0.74,0.7,0.77
728,728,"(2, 2)","(0, 7)",2,2,0,7,0.41,0.51,0.51,0.51,0.51,0.51,0.51,0.51,0.51,0.51
729,729,"(0, 9)","(4, 5)",0,9,4,5,0.48,0.75,0.61,0.62,0.58,0.6,0.59,0.58,0.61,0.56
730,730,"(6, 8)","(1, 4)",6,8,1,4,0.51,0.44,0.41,0.43,0.39,0.39,0.39,0.39,0.39,0.39
731,731,"(5, 6)","(7, 8)",5,6,7,8,0.43,0.08,0.0,0.0,0.0,0.0,0.0,0.0,0.0,0.0
732,732,"(2, 4)","(2, 9)",2,4,2,9,0.6,0.76,0.76,0.76,0.76,0.76,0.76,0.76,0.76,0.76
733,733,"(0, 1)","(4, 9)",0,1,4,9,0.5,0.33,0.52,0.4,0.4,0.57,0.57,0.51,0.51,0.57
734,734,"(3, 4)","(0, 5)",3,4,0,5,0.55,0.66,0.46,0.53,0.66,0.52,0.53,0.64,0.48,0.56
735,735,"(8, 8)","(2, 7)",8,8,2,7,0.52,0.5,0.49,0.48,0.48,0.48,0.48,0.48,0.48,0.48
736,736,"(1, 5)","(2, 5)",1,5,2,5,0.49,0.92,0.04,0.18,0.4,0.58,0.72,0.36,0.66,0.5
737,737,"(1, 2)","(6, 9)",1,2,6,9,0.41,0.19,0.49,0.05,0.16,0.19,0.52,0.17,0.39,0.23
738,738,"(4, 7)","(1, 6)",4,7,1,6,0.48,0.81,0.3,0.38,0.31,0.34,0.45,0.29,0.33,0.39
739,739,"(5, 7)","(4, 5)",5,7,4,5,0.49,0.39,0.28,0.18,0.09,0.03,0.0,0.0,0.0,0.0
740,740,"(2, 8)","(6, 9)",2,8,6,9,0.53,0.56,0.53,0.47,0.53,0.47,0.53,0.47,0.53,0.47
741,741,"(1, 8)","(7, 9)",1,8,7,9,0.45,0.53,0.48,0.52,0.48,0.52,0.48,0.52,0.48,0.52
742,742,"(1, 1)","(1, 9)",1,1,1,9,0.45,0.53,0.53,0.53,0.53,0.53,0.53,0.53,0.53,0.53
743,743,"(7, 9)","(8, 9)",7,9,8,9,0.55,0.03,0.0,0.0,0.0,0.0,0.0,0.0,0.0,0.0
744,744,"(3, 5)","(1, 1)",3,5,1,1,0.47,0.41,0.25,0.27,0.32,0.32,0.35,0.29,0.42,0.24
745,745,"(0, 7)","(2, 6)",0,7,2,6,0.46,0.98,0.0,1.0,0.0,1.0,0.0,1.0,0.0,1.0
746,746,"(4, 6)","(0, 1)",4,6,0,1,0.51,0.29,0.24,0.22,0.16,0.09,0.09,0.09,0.09,0.09
747,747,"(4, 4)","(0, 7)",4,4,0,7,0.54,0.68,0.68,0.68,0.68,0.68,0.68,0.68,0.68,0.68
748,748,"(0, 7)","(0, 9)",0,7,0,9,0.51,1.0,1.0,1.0,1.0,1.0,1.0,1.0,1.0,1.0
749,749,"(6, 9)","(4, 6)",6,9,4,6,0.66,0.76,0.41,0.32,0.23,0.13,0.09,0.05,0.02,0.0
750,750,"(6, 7)","(6, 6)",6,7,6,6,0.54,0.2,0.01,0.0,0.0,0.0,0.0,0.0,0.0,0.0
751,751,"(0, 7)","(2, 5)",0,7,2,5,0.6,0.81,0.28,0.9,0.14,0.94,0.06,0.98,0.02,0.98
752,752,"(2, 4)","(0, 4)",2,4,0,4,0.52,0.56,0.4,0.44,0.5,0.51,0.56,0.28,0.56,0.27
753,753,"(3, 7)","(6, 8)",3,7,6,8,0.53,0.54,0.5,0.5,0.5,0.5,0.5,0.5,0.5,0.5
754,754,"(5, 6)","(2, 6)",5,6,2,6,0.47,0.52,0.48,0.54,0.5,0.44,0.52,0.46,0.48,0.54
755,755,"(5, 6)","(0, 2)",5,6,0,2,0.51,0.22,0.2,0.2,0.2,0.2,0.2,0.2,0.2,0.2
756,756,"(1, 6)","(1, 4)",1,6,1,4,0.61,0.67,0.35,0.6,0.5,0.68,0.42,0.61,0.49,0.53
757,757,"(1, 2)","(2, 5)",1,2,2,5,0.51,0.5,0.51,0.52,0.52,0.52,0.52,0.52,0.52,0.52
758,758,"(1, 5)","(2, 6)",1,5,2,6,0.56,0.89,0.25,0.62,0.7,0.53,0.65,0.71,0.56,0.72
759,759,"(2, 6)","(0, 4)",2,6,0,4,0.45,0.87,0.11,0.25,0.38,0.51,0.57,0.61,0.45,0.43
760,760,"(5, 7)","(3, 6)",5,7,3,6,0.5,0.54,0.57,0.61,0.53,0.47,0.48,0.55,0.42,0.37
761,761,"(5, 5)","(2, 9)",5,5,2,9,0.45,0.49,0.56,0.61,0.62,0.63,0.64,0.65,0.66,0.67
762,762,"(0, 5)","(1, 3)",0,5,1,3,0.51,0.59,0.39,0.64,0.36,0.64,0.36,0.64,0.36,0.64
763,763,"(0, 7)","(1, 9)",0,7,1,9,0.43,0.99,0.99,0.99,0.99,0.99,0.99,0.99,0.99,0.99
764,764,"(3, 6)","(5, 6)",3,6,5,6,0.54,0.64,0.57,0.62,0.53,0.56,0.55,0.51,0.56,0.49
765,765,"(6, 9)","(1, 5)",6,9,1,5,0.52,0.48,0.45,0.46,0.42,0.42,0.44,0.41,0.42,0.42
766,766,"(4, 7)","(3, 6)",4,7,3,6,0.52,0.78,0.36,0.44,0.49,0.43,0.5,0.44,0.41,0.45
767,767,"(2, 3)","(5, 6)",2,3,5,6,0.56,0.32,0.3,0.42,0.32,0.38,0.3,0.33,0.38,0.36
768,768,"(7, 7)","(6, 6)",7,7,6,6,0.59,0.2,0.0,0.0,0.0,0.0,0.0,0.0,0.0,0.0
769,769,"(5, 8)","(3, 5)",5,8,3,5,0.6,0.63,0.41,0.28,0.18,0.11,0.08,0.08,0.08,0.08
770,770,"(2, 7)","(2, 7)",2,7,2,7,0.5,0.99,0.08,0.2,0.36,0.52,0.74,0.64,0.88,0.64
771,771,"(5, 9)","(0, 2)",5,9,0,2,0.49,0.25,0.2,0.2,0.2,0.2,0.2,0.2,0.2,0.2
772,772,"(1, 8)","(2, 8)",1,8,2,8,0.47,0.97,1.0,1.0,1.0,1.0,1.0,1.0,1.0,1.0
773,773,"(6, 8)","(3, 8)",6,8,3,8,0.5,0.49,0.48,0.45,0.45,0.45,0.45,0.45,0.45,0.45
774,774,"(4, 6)","(0, 6)",4,6,0,6,0.47,0.79,0.34,0.45,0.59,0.43,0.56,0.5,0.65,0.76
775,775,"(3, 6)","(4, 8)",3,6,4,8,0.5,0.72,0.82,0.97,0.97,0.97,0.97,0.97,0.97,0.97
776,776,"(0, 6)","(0, 3)",0,6,0,3,0.48,0.8,0.18,0.91,0.09,0.95,0.05,0.98,0.0,1.0
777,777,"(5, 7)","(0, 9)",5,7,0,9,0.47,0.64,0.78,0.88,0.98,0.98,0.98,0.98,0.98,0.98
778,778,"(8, 9)","(0, 1)",8,9,0,1,0.51,0.02,0.02,0.02,0.02,0.02,0.02,0.02,0.02,0.02
779,779,"(4, 9)","(0, 2)",4,9,0,2,0.49,0.51,0.42,0.32,0.25,0.23,0.21,0.19,0.18,0.19
780,780,"(4, 8)","(2, 2)",4,8,2,2,0.48,0.29,0.19,0.12,0.08,0.05,0.05,0.05,0.05,0.05
781,781,"(6, 7)","(2, 3)",6,7,2,3,0.48,0.2,0.02,0.0,0.0,0.0,0.0,0.0,0.0,0.0
782,782,"(5, 6)","(3, 4)",5,6,3,4,0.53,0.42,0.23,0.11,0.07,0.03,0.0,0.0,0.0,0.0
783,783,"(3, 9)","(4, 7)",3,9,4,7,0.44,0.66,0.8,0.8,0.62,0.67,0.72,0.79,0.66,0.53
784,784,"(4, 5)","(4, 9)",4,5,4,9,0.42,0.37,0.35,0.37,0.4,0.42,0.44,0.47,0.48,0.5
785,785,"(1, 1)","(7, 9)",1,1,7,9,0.4,0.05,0.24,0.08,0.35,0.07,0.21,0.15,0.38,0.1
786,786,"(0, 0)","(5, 7)",0,0,5,7,0.53,0.25,0.42,0.2,0.25,0.39,0.34,0.04,0.68,0.48
787,787,"(0, 5)","(0, 2)",0,5,0,2,0.56,0.35,0.68,0.3,0.72,0.27,0.74,0.24,0.77,0.23
788,788,"(7, 9)","(0, 5)",7,9,0,5,0.47,0.43,0.42,0.42,0.42,0.42,0.42,0.42,0.42,0.42
789,789,"(3, 5)","(2, 3)",3,5,2,3,0.48,0.57,0.34,0.4,0.52,0.37,0.37,0.48,0.38,0.44
790,790,"(0, 2)","(3, 8)",0,2,3,8,0.51,0.54,0.53,0.53,0.51,0.57,0.52,0.59,0.58,0.6
791,791,"(9, 9)","(6, 9)",9,9,6,9,0.49,0.06,0.0,0.0,0.0,0.0,0.0,0.0,0.0,0.0
792,792,"(4, 9)","(3, 4)",4,9,3,4,0.5,0.5,0.49,0.49,0.51,0.47,0.35,0.28,0.29,0.22
793,793,"(0, 1)","(1, 9)",0,1,1,9,0.43,0.49,0.49,0.49,0.49,0.49,0.49,0.49,0.49,0.49
794,794,"(1, 7)","(2, 7)",1,7,2,7,0.53,0.99,0.08,0.24,0.48,0.64,0.99,0.08,0.24,0.48
795,795,"(0, 1)","(0, 8)",0,1,0,8,0.39,0.45,0.45,0.45,0.45,0.45,0.45,0.45,0.45,0.45
796,796,"(3, 5)","(1, 2)",3,5,1,2,0.53,0.44,0.3,0.46,0.39,0.38,0.32,0.45,0.44,0.38
797,797,"(1, 4)","(7, 9)",1,4,7,9,0.46,0.38,0.48,0.44,0.46,0.37,0.37,0.46,0.38,0.42
798,798,"(4, 8)","(4, 6)",4,8,4,6,0.42,0.4,0.32,0.34,0.3,0.29,0.24,0.22,0.22,0.16
799,799,"(1, 5)","(0, 1)",1,5,0,1,0.52,0.38,0.54,0.38,0.5,0.36,0.56,0.36,0.48,0.47
800,800,"(0, 3)","(5, 5)",0,3,5,5,0.48,0.33,0.6,0.3,0.61,0.4,0.47,0.5,0.51,0.39
801,801,"(6, 9)","(2, 9)",6,9,2,9,0.42,0.4,0.39,0.39,0.39,0.39,0.39,0.39,0.39,0.39
802,802,"(5, 7)","(5, 9)",5,7,5,9,0.61,0.63,0.63,0.61,0.59,0.56,0.54,0.53,0.53,0.53
803,803,"(1, 8)","(5, 8)",1,8,5,8,0.54,0.64,0.74,0.82,0.89,0.96,1.0,1.0,1.0,1.0
804,804,"(1, 9)","(0, 4)",1,9,0,4,0.47,0.88,0.15,0.4,0.65,0.43,0.76,0.25,0.58,0.51
805,805,"(0, 2)","(7, 9)",0,2,7,9,0.46,0.13,0.78,0.65,0.43,0.49,0.29,0.59,0.45,0.31
806,806,"(3, 9)","(7, 8)",3,9,7,8,0.49,0.44,0.46,0.52,0.48,0.52,0.48,0.52,0.48,0.52
807,807,"(7, 8)","(1, 9)",7,8,1,9,0.38,0.38,0.38,0.38,0.38,0.38,0.38,0.38,0.38,0.38
808,808,"(8, 9)","(0, 7)",8,9,0,7,0.44,0.44,0.44,0.44,0.44,0.44,0.44,0.44,0.44,0.44
809,809,"(6, 7)","(5, 8)",6,7,5,8,0.5,0.22,0.13,0.04,0.0,0.0,0.0,0.0,0.0,0.0
810,810,"(4, 5)","(0, 9)",4,5,0,9,0.45,0.67,0.81,0.87,0.92,0.92,0.92,0.92,0.92,0.92
811,811,"(1, 8)","(0, 3)",1,8,0,3,0.53,0.64,0.41,0.57,0.46,0.69,0.29,0.48,0.49,0.56
812,812,"(3, 7)","(5, 7)",3,7,5,7,0.54,0.72,0.75,0.88,0.59,0.66,0.71,0.83,0.79,0.81
813,813,"(3, 8)","(1, 3)",3,8,1,3,0.5,0.65,0.43,0.4,0.51,0.46,0.59,0.48,0.35,0.52
814,814,"(3, 3)","(0, 7)",3,3,0,7,0.5,0.6,0.63,0.63,0.63,0.63,0.63,0.63,0.63,0.63
815,815,"(0, 2)","(6, 6)",0,2,6,6,0.6,0.16,0.74,0.22,0.55,0.25,0.59,0.26,0.62,0.23
816,816,"(7, 7)","(1, 2)",7,7,1,2,0.46,0.1,0.05,0.05,0.05,0.05,0.05,0.05,0.05,0.05
817,817,"(5, 8)","(1, 7)",5,8,1,7,0.5,0.66,0.64,0.8,0.53,0.65,0.49,0.54,0.57,0.5
818,818,"(1, 3)","(6, 8)",1,3,6,8,0.5,0.26,0.58,0.28,0.41,0.38,0.49,0.37,0.54,0.35
819,819,"(2, 7)","(8, 9)",2,7,8,9,0.48,0.52,0.47,0.53,0.47,0.53,0.47,0.53,0.47,0.53
820,820,"(6, 9)","(5, 8)",6,9,5,8,0.51,0.29,0.14,0.05,0.0,0.0,0.0,0.0,0.0,0.0
821,821,"(0, 0)","(4, 9)",0,0,4,9,0.5,0.28,0.28,0.32,0.32,0.22,0.3,0.29,0.36,0.26
822,822,"(0, 6)","(4, 9)",0,6,4,9,0.56,0.88,0.88,0.88,0.88,0.88,0.88,0.88,0.88,0.88
823,823,"(2, 2)","(4, 7)",2,2,4,7,0.45,0.36,0.34,0.29,0.25,0.23,0.18,0.27,0.2,0.32
824,824,"(1, 9)","(4, 6)",1,9,4,6,0.53,0.79,0.66,0.64,0.62,0.81,0.49,0.71,0.77,0.57
825,825,"(6, 8)","(6, 9)",6,8,6,9,0.53,0.21,0.04,0.0,0.0,0.0,0.0,0.0,0.0,0.0
826,826,"(2, 7)","(0, 4)",2,7,0,4,0.52,0.78,0.27,0.39,0.7,0.31,0.64,0.35,0.57,0.42
827,827,"(1, 6)","(0, 4)",1,6,0,4,0.51,0.71,0.34,0.41,0.61,0.49,0.55,0.46,0.62,0.44
828,828,"(0, 2)","(6, 7)",0,2,6,7,0.47,0.18,0.7,0.4,0.2,0.7,0.48,0.13,0.82,0.42
829,829,"(6, 7)","(0, 7)",6,7,0,7,0.43,0.49,0.52,0.53,0.52,0.55,0.51,0.52,0.52,0.52
830,830,"(4, 9)","(1, 4)",4,9,1,4,0.57,0.68,0.32,0.26,0.31,0.28,0.32,0.28,0.25,0.31
831,831,"(5, 9)","(0, 9)",5,9,0,9,0.48,0.63,0.74,0.83,0.88,0.92,0.96,1.0,1.0,1.0
832,832,"(4, 6)","(1, 4)",4,6,1,4,0.44,0.58,0.24,0.33,0.27,0.31,0.38,0.26,0.28,0.25
833,833,"(0, 7)","(1, 2)",0,7,1,2,0.46,0.64,0.38,0.63,0.37,0.63,0.37,0.63,0.37,0.63
834,834,"(7, 8)","(8, 9)",7,8,8,9,0.44,0.0,0.0,0.0,0.0,0.0,0.0,0.0,0.0,0.0
835,835,"(0, 0)","(0, 2)",0,0,0,2,0.5,0.08,0.53,0.09,0.53,0.09,0.53,0.09,0.53,0.09
836,836,"(6, 8)","(3, 7)",6,8,3,7,0.51,0.49,0.46,0.48,0.41,0.44,0.44,0.44,0.44,0.44
837,837,"(3, 3)","(5, 5)",3,3,5,5,0.47,0.24,0.18,0.08,0.04,0.02,0.0,0.0,0.0,0.0
838,838,"(4, 8)","(2, 9)",4,8,2,9,0.51,0.88,1.0,1.0,1.0,1.0,1.0,1.0,1.0,1.0
839,839,"(5, 8)","(5, 7)",5,8,5,7,0.46,0.24,0.09,0.02,0.0,0.0,0.0,0.0,0.0,0.0
840,840,"(4, 4)","(7, 8)",4,4,7,8,0.48,0.17,0.0,0.0,0.0,0.0,0.0,0.0,0.0,0.0
841,841,"(5, 8)","(6, 6)",5,8,6,6,0.59,0.38,0.13,0.02,0.0,0.0,0.0,0.0,0.0,0.0
842,842,"(3, 6)","(0, 5)",3,6,0,5,0.48,0.83,0.19,0.28,0.38,0.57,0.4,0.56,0.6,0.57
843,843,"(6, 9)","(4, 5)",6,9,4,5,0.48,0.31,0.18,0.07,0.01,0.0,0.0,0.0,0.0,0.0
844,844,"(0, 3)","(1, 5)",0,3,1,5,0.55,0.55,0.58,0.56,0.56,0.56,0.56,0.56,0.56,0.56
845,845,"(1, 5)","(1, 8)",1,5,1,8,0.49,0.94,0.94,0.94,0.94,0.94,0.94,0.94,0.94,0.94
846,846,"(7, 9)","(3, 5)",7,9,3,5,0.56,0.5,0.42,0.36,0.27,0.23,0.18,0.13,0.08,0.06
847,847,"(2, 6)","(3, 8)",2,6,3,8,0.58,0.93,0.93,0.93,0.93,0.93,0.93,0.93,0.93,0.93
848,848,"(4, 8)","(0, 8)",4,8,0,8,0.52,0.89,0.99,1.0,1.0,1.0,1.0,1.0,1.0,1.0
849,849,"(0, 4)","(5, 5)",0,4,5,5,0.47,0.59,0.34,0.64,0.31,0.7,0.3,0.69,0.3,0.74
850,850,"(2, 4)","(8, 8)",2,4,8,8,0.51,0.28,0.37,0.48,0.29,0.22,0.42,0.33,0.33,0.42
851,851,"(1, 4)","(8, 8)",1,4,8,8,0.47,0.42,0.4,0.42,0.45,0.43,0.44,0.4,0.36,0.54
852,852,"(3, 8)","(2, 3)",3,8,2,3,0.42,0.6,0.36,0.59,0.28,0.34,0.42,0.4,0.45,0.54
853,853,"(5, 9)","(5, 7)",5,9,5,7,0.51,0.34,0.23,0.14,0.05,0.0,0.0,0.0,0.0,0.0
854,854,"(7, 8)","(0, 9)",7,8,0,9,0.48,0.48,0.48,0.48,0.48,0.48,0.48,0.48,0.48,0.48
855,855,"(2, 7)","(3, 5)",2,7,3,5,0.5,0.88,0.11,0.22,0.39,0.67,0.55,0.47,0.71,0.49
856,856,"(1, 5)","(1, 1)",1,5,1,1,0.48,0.5,0.48,0.42,0.48,0.45,0.46,0.46,0.48,0.49
857,857,"(2, 4)","(1, 3)",2,4,1,3,0.49,0.45,0.26,0.59,0.24,0.58,0.42,0.22,0.62,0.21
858,858,"(1, 9)","(2, 8)",1,9,2,8,0.44,0.96,1.0,1.0,1.0,1.0,1.0,1.0,1.0,1.0
859,859,"(1, 7)","(2, 8)",1,7,2,8,0.53,1.0,1.0,1.0,1.0,1.0,1.0,1.0,1.0,1.0
860,860,"(6, 9)","(1, 5)",6,9,1,5,0.44,0.41,0.41,0.44,0.35,0.35,0.36,0.36,0.35,0.35
861,861,"(6, 9)","(2, 9)",6,9,2,9,0.53,0.6,0.59,0.59,0.59,0.59,0.59,0.59,0.59,0.59
862,862,"(5, 6)","(1, 5)",5,6,1,5,0.51,0.56,0.49,0.6,0.53,0.48,0.49,0.46,0.46,0.45
863,863,"(4, 8)","(5, 6)",4,8,5,6,0.48,0.43,0.45,0.35,0.28,0.23,0.17,0.11,0.07,0.03
864,864,"(0, 6)","(2, 5)",0,6,2,5,0.53,0.91,0.09,0.98,0.0,1.0,0.0,1.0,0.0,1.0
865,865,"(2, 6)","(1, 9)",2,6,1,9,0.47,0.99,0.99,0.99,0.99,0.99,0.99,0.99,0.99,0.99
866,866,"(4, 8)","(3, 8)",4,8,3,8,0.46,0.63,0.74,0.84,0.95,1.0,1.0,1.0,1.0,1.0
867,867,"(2, 7)","(1, 9)",2,7,1,9,0.47,1.0,1.0,1.0,1.0,1.0,1.0,1.0,1.0,1.0
868,868,"(1, 1)","(3, 6)",1,1,3,6,0.53,0.46,0.47,0.45,0.49,0.49,0.51,0.52,0.46,0.5
869,869,"(5, 6)","(2, 4)",5,6,2,4,0.53,0.43,0.3,0.24,0.27,0.19,0.18,0.13,0.08,0.05
870,870,"(7, 8)","(0, 8)",7,8,0,8,0.53,0.56,0.56,0.56,0.56,0.56,0.56,0.56,0.56,0.56
871,871,"(7, 8)","(7, 8)",7,8,7,8,0.49,0.02,0.0,0.0,0.0,0.0,0.0,0.0,0.0,0.0
872,872,"(4, 6)","(6, 9)",4,6,6,9,0.54,0.42,0.32,0.19,0.11,0.06,0.0,0.0,0.0,0.0
873,873,"(3, 8)","(7, 8)",3,8,7,8,0.59,0.45,0.52,0.48,0.52,0.48,0.52,0.48,0.52,0.48
874,874,"(2, 4)","(0, 3)",2,4,0,3,0.49,0.5,0.32,0.51,0.4,0.38,0.47,0.42,0.44,0.51
875,875,"(4, 8)","(0, 4)",4,8,0,4,0.53,0.58,0.54,0.51,0.46,0.46,0.42,0.51,0.49,0.41
876,876,"(2, 6)","(2, 2)",2,6,2,2,0.41,0.54,0.46,0.53,0.46,0.44,0.48,0.54,0.32,0.45
877,877,"(2, 7)","(6, 9)",2,7,6,9,0.54,0.57,0.47,0.52,0.47,0.52,0.47,0.52,0.47,0.52
878,878,"(6, 9)","(0, 2)",6,9,0,2,0.41,0.08,0.08,0.08,0.08,0.08,0.08,0.08,0.08,0.08
879,879,"(1, 4)","(3, 6)",1,4,3,6,0.53,0.73,0.54,0.6,0.65,0.62,0.6,0.64,0.64,0.64
880,880,"(7, 8)","(5, 9)",7,8,5,9,0.52,0.23,0.11,0.04,0.0,0.0,0.0,0.0,0.0,0.0
881,881,"(0, 2)","(0, 1)",0,2,0,1,0.49,0.08,0.91,0.01,1.0,0.0,1.0,0.0,1.0,0.0
882,882,"(5, 9)","(3, 7)",5,9,3,7,0.48,0.59,0.62,0.52,0.53,0.58,0.57,0.62,0.49,0.56
883,883,"(4, 4)","(1, 7)",4,4,1,7,0.55,0.72,0.7,0.7,0.7,0.7,0.7,0.7,0.7,0.7
884,884,"(7, 7)","(8, 9)",7,7,8,9,0.52,0.03,0.0,0.0,0.0,0.0,0.0,0.0,0.0,0.0
885,885,"(5, 6)","(0, 1)",5,6,0,1,0.52,0.22,0.11,0.11,0.11,0.11,0.11,0.11,0.11,0.11
886,886,"(0, 0)","(2, 3)",0,0,2,3,0.54,0.11,0.37,0.3,0.32,0.2,0.31,0.25,0.22,0.26
887,887,"(1, 6)","(0, 4)",1,6,0,4,0.49,0.77,0.27,0.46,0.66,0.41,0.52,0.6,0.46,0.5
888,888,"(8, 8)","(4, 6)",8,8,4,6,0.48,0.2,0.05,0.0,0.0,0.0,0.0,0.0,0.0,0.0
889,889,"(5, 5)","(7, 7)",5,5,7,7,0.49,0.16,0.03,0.0,0.0,0.0,0.0,0.0,0.0,0.0
890,890,"(3, 9)","(5, 5)",3,9,5,5,0.51,0.58,0.6,0.54,0.59,0.52,0.55,0.48,0.52,0.48
891,891,"(4, 9)","(0, 9)",4,9,0,9,0.53,0.85,1.0,1.0,1.0,1.0,1.0,1.0,1.0,1.0
892,892,"(5, 6)","(0, 7)",5,6,0,7,0.46,0.61,0.65,0.71,0.76,0.76,0.74,0.79,0.69,0.72
893,893,"(0, 8)","(7, 8)",0,8,7,8,0.63,0.43,0.57,0.43,0.57,0.43,0.57,0.43,0.57,0.43
894,894,"(8, 9)","(0, 4)",8,9,0,4,0.58,0.28,0.28,0.28,0.28,0.28,0.28,0.28,0.28,0.28
895,895,"(3, 6)","(3, 8)",3,6,3,8,0.5,0.81,0.95,0.95,0.95,0.95,0.95,0.95,0.95,0.95
896,896,"(4, 4)","(1, 4)",4,4,1,4,0.47,0.57,0.44,0.32,0.4,0.37,0.36,0.33,0.5,0.24
897,897,"(3, 8)","(3, 8)",3,8,3,8,0.47,0.77,0.94,1.0,1.0,1.0,1.0,1.0,1.0,1.0
898,898,"(1, 2)","(4, 7)",1,2,4,7,0.48,0.39,0.43,0.34,0.45,0.46,0.49,0.37,0.47,0.39
899,899,"(6, 8)","(0, 1)",6,8,0,1,0.45,0.08,0.07,0.07,0.07,0.07,0.07,0.07,0.07,0.07
900,900,"(1, 3)","(7, 8)",1,3,7,8,0.51,0.12,0.49,0.27,0.45,0.33,0.36,0.44,0.36,0.41
901,901,"(4, 6)","(2, 6)",4,6,2,6,0.49,0.79,0.53,0.61,0.61,0.71,0.61,0.65,0.61,0.74
902,902,"(0, 9)","(0, 2)",0,9,0,2,0.51,0.56,0.49,0.53,0.49,0.52,0.5,0.52,0.48,0.53
903,903,"(9, 9)","(0, 5)",9,9,0,5,0.55,0.43,0.43,0.43,0.43,0.43,0.43,0.43,0.43,0.43
904,904,"(0, 4)","(7, 7)",0,4,7,7,0.49,0.28,0.72,0.24,0.75,0.27,0.7,0.29,0.67,0.33
905,905,"(1, 8)","(5, 6)",1,8,5,6,0.42,0.68,0.67,0.7,0.74,0.57,0.57,0.69,0.68,0.6
906,906,"(1, 5)","(2, 4)",1,5,2,4,0.53,0.69,0.34,0.63,0.43,0.55,0.5,0.56,0.37,0.56
907,907,"(1, 6)","(1, 7)",1,6,1,7,0.55,0.96,0.29,0.56,0.77,0.75,0.82,0.73,0.81,0.73
908,908,"(5, 9)","(1, 4)",5,9,1,4,0.53,0.54,0.39,0.4,0.41,0.38,0.33,0.36,0.32,0.35
909,909,"(5, 7)","(2, 8)",5,7,2,8,0.47,0.67,0.8,0.89,0.94,1.0,1.0,1.0,1.0,1.0
910,910,"(4, 9)","(2, 7)",4,9,2,7,0.52,0.81,0.54,0.6,0.53,0.55,0.7,0.52,0.53,0.65
911,911,"(2, 8)","(1, 8)",2,8,1,8,0.56,0.99,1.0,1.0,1.0,1.0,1.0,1.0,1.0,1.0
912,912,"(1, 7)","(3, 5)",1,7,3,5,0.45,0.82,0.31,0.49,0.7,0.64,0.59,0.69,0.51,0.59
913,913,"(1, 8)","(3, 9)",1,8,3,9,0.51,0.91,1.0,1.0,1.0,1.0,1.0,1.0,1.0,1.0
914,914,"(1, 2)","(5, 7)",1,2,5,7,0.49,0.12,0.43,0.23,0.49,0.43,0.28,0.33,0.38,0.33
915,915,"(5, 8)","(2, 3)",5,8,2,3,0.51,0.4,0.27,0.17,0.06,0.04,0.04,0.04,0.04,0.04
916,916,"(4, 5)","(1, 8)",4,5,1,8,0.53,0.83,0.88,0.88,0.88,0.88,0.88,0.88,0.88,0.88
917,917,"(0, 8)","(4, 8)",0,8,4,8,0.52,0.86,1.0,1.0,1.0,1.0,1.0,1.0,1.0,1.0
918,918,"(0, 4)","(2, 7)",0,4,2,7,0.5,0.78,0.65,0.73,0.7,0.7,0.7,0.7,0.7,0.7
919,919,"(4, 4)","(5, 6)",4,4,5,6,0.54,0.32,0.12,0.03,0.0,0.0,0.0,0.0,0.0,0.0
920,920,"(3, 7)","(0, 9)",3,7,0,9,0.49,0.93,1.0,1.0,1.0,1.0,1.0,1.0,1.0,1.0
921,921,"(4, 4)","(5, 8)",4,4,5,8,0.53,0.39,0.27,0.12,0.02,0.0,0.0,0.0,0.0,0.0
922,922,"(5, 6)","(1, 4)",5,6,1,4,0.51,0.61,0.37,0.39,0.33,0.4,0.27,0.28,0.28,0.26
923,923,"(3, 5)","(6, 9)",3,5,6,9,0.41,0.42,0.43,0.42,0.47,0.42,0.38,0.42,0.43,0.45
924,924,"(7, 8)","(4, 7)",7,8,4,7,0.48,0.24,0.1,0.02,0.0,0.0,0.0,0.0,0.0,0.0
925,925,"(1, 8)","(4, 5)",1,8,4,5,0.49,0.71,0.61,0.54,0.63,0.54,0.62,0.6,0.65,0.54
926,926,"(3, 5)","(3, 8)",3,5,3,8,0.49,0.75,0.84,0.84,0.84,0.84,0.84,0.84,0.84,0.84
927,927,"(3, 5)","(4, 6)",3,5,4,6,0.52,0.62,0.69,0.63,0.62,0.77,0.61,0.67,0.74,0.61
928,928,"(1, 9)","(7, 9)",1,9,7,9,0.5,0.51,0.52,0.48,0.52,0.48,0.52,0.48,0.52,0.48
929,929,"(5, 6)","(2, 9)",5,6,2,9,0.52,0.73,0.83,0.87,0.91,0.91,0.91,0.91,0.91,0.91
930,930,"(3, 5)","(3, 8)",3,5,3,8,0.46,0.74,0.81,0.82,0.82,0.82,0.82,0.82,0.82,0.82
931,931,"(1, 9)","(6, 7)",1,9,6,7,0.56,0.52,0.5,0.5,0.5,0.5,0.5,0.5,0.5,0.5
932,932,"(1, 8)","(7, 9)",1,8,7,9,0.5,0.5,0.5,0.5,0.5,0.5,0.5,0.5,0.5,0.5
933,933,"(3, 7)","(4, 9)",3,7,4,9,0.49,0.67,0.85,0.92,0.94,0.94,0.94,0.94,0.94,0.94
934,934,"(1, 1)","(2, 8)",1,1,2,8,0.54,0.53,0.55,0.55,0.55,0.55,0.55,0.55,0.55,0.55
935,935,"(0, 8)","(5, 5)",0,8,5,5,0.48,0.65,0.52,0.62,0.53,0.59,0.54,0.55,0.56,0.51
936,936,"(0, 3)","(1, 7)",0,3,1,7,0.46,0.63,0.62,0.62,0.62,0.62,0.62,0.62,0.62,0.62
937,937,"(4, 4)","(4, 4)",4,4,4,4,0.53,0.25,0.07,0.0,0.0,0.0,0.0,0.0,0.0,0.0
938,938,"(5, 6)","(4, 8)",5,6,4,8,0.64,0.7,0.73,0.75,0.76,0.76,0.76,0.76,0.76,0.76
939,939,"(4, 7)","(4, 7)",4,7,4,7,0.47,0.57,0.66,0.71,0.66,0.71,0.87,0.46,0.41,0.46
940,940,"(5, 7)","(4, 9)",5,7,4,9,0.5,0.54,0.57,0.6,0.65,0.68,0.7,0.71,0.72,0.73
941,941,"(5, 9)","(1, 4)",5,9,1,4,0.58,0.38,0.4,0.38,0.44,0.3,0.32,0.27,0.27,0.25
942,942,"(0, 1)","(3, 9)",0,1,3,9,0.54,0.49,0.55,0.53,0.51,0.51,0.55,0.52,0.54,0.53
943,943,"(0, 2)","(2, 7)",0,2,2,7,0.41,0.5,0.52,0.52,0.52,0.52,0.52,0.52,0.52,0.52
944,944,"(0, 9)","(1, 8)",0,9,1,8,0.42,1.0,1.0,1.0,1.0,1.0,1.0,1.0,1.0,1.0
945,945,"(1, 1)","(5, 9)",1,1,5,9,0.36,0.08,0.15,0.22,0.16,0.21,0.25,0.19,0.27,0.19
946,946,"(6, 6)","(1, 8)",6,6,1,8,0.54,0.6,0.62,0.64,0.65,0.67,0.67,0.67,0.67,0.67
947,947,"(5, 9)","(5, 6)",5,9,5,6,0.45,0.24,0.1,0.02,0.0,0.0,0.0,0.0,0.0,0.0
948,948,"(0, 9)","(3, 7)",0,9,3,7,0.5,0.89,0.68,0.77,0.68,0.77,0.68,0.77,0.68,0.77
949,949,"(2, 9)","(0, 9)",2,9,0,9,0.32,0.84,0.98,1.0,1.0,1.0,1.0,1.0,1.0,1.0
950,950,"(9, 9)","(7, 7)",9,9,7,7,0.6,0.02,0.0,0.0,0.0,0.0,0.0,0.0,0.0,0.0
951,951,"(6, 7)","(0, 6)",6,7,0,6,0.44,0.43,0.48,0.43,0.45,0.45,0.45,0.45,0.45,0.45
952,952,"(0, 2)","(6, 8)",0,2,6,8,0.48,0.09,0.89,0.85,0.84,0.71,0.73,0.5,0.66,0.36
953,953,"(6, 8)","(2, 3)",6,8,2,3,0.46,0.28,0.21,0.18,0.17,0.16,0.15,0.14,0.14,0.14
954,954,"(1, 3)","(0, 4)",1,3,0,4,0.5,0.52,0.51,0.5,0.49,0.43,0.57,0.38,0.61,0.34
955,955,"(2, 8)","(6, 7)",2,8,6,7,0.51,0.51,0.51,0.49,0.51,0.49,0.51,0.49,0.51,0.49
956,956,"(7, 8)","(0, 2)",7,8,0,2,0.45,0.14,0.14,0.14,0.14,0.14,0.14,0.14,0.14,0.14
957,957,"(1, 6)","(3, 6)",1,6,3,6,0.45,0.91,0.18,0.48,0.73,0.66,0.69,0.64,0.7,0.67
958,958,"(7, 9)","(0, 4)",7,9,0,4,0.5,0.27,0.27,0.27,0.27,0.27,0.27,0.27,0.27,0.27
959,959,"(2, 8)","(2, 3)",2,8,2,3,0.51,0.66,0.41,0.38,0.76,0.24,0.54,0.44,0.64,0.4
960,960,"(0, 8)","(6, 6)",0,8,6,6,0.5,0.6,0.51,0.49,0.51,0.49,0.51,0.49,0.51,0.49
961,961,"(5, 9)","(7, 9)",5,9,7,9,0.53,0.19,0.0,0.0,0.0,0.0,0.0,0.0,0.0,0.0
962,962,"(3, 6)","(5, 8)",3,6,5,8,0.63,0.69,0.67,0.81,0.8,0.89,0.94,0.94,0.94,0.94
963,963,"(2, 8)","(1, 9)",2,8,1,9,0.58,1.0,1.0,1.0,1.0,1.0,1.0,1.0,1.0,1.0
964,964,"(0, 4)","(4, 9)",0,4,4,9,0.47,0.55,0.61,0.63,0.66,0.69,0.69,0.71,0.69,0.71
965,965,"(0, 7)","(1, 9)",0,7,1,9,0.49,1.0,1.0,1.0,1.0,1.0,1.0,1.0,1.0,1.0
966,966,"(0, 4)","(0, 9)",0,4,0,9,0.45,0.91,0.91,0.91,0.91,0.91,0.91,0.91,0.91,0.91
967,967,"(0, 3)","(6, 8)",0,3,6,8,0.57,0.25,0.71,0.59,0.52,0.5,0.37,0.55,0.53,0.37
968,968,"(0, 2)","(6, 9)",0,2,6,9,0.49,0.08,0.88,0.83,0.82,0.69,0.77,0.55,0.51,0.33
969,969,"(5, 6)","(1, 9)",5,6,1,9,0.57,0.8,0.95,0.98,0.98,0.98,0.98,0.98,0.98,0.98
970,970,"(4, 4)","(2, 9)",4,4,2,9,0.47,0.57,0.6,0.62,0.65,0.7,0.73,0.75,0.75,0.75
971,971,"(2, 4)","(3, 9)",2,4,3,9,0.52,0.79,0.79,0.79,0.79,0.79,0.79,0.79,0.79,0.79
972,972,"(3, 6)","(0, 8)",3,6,0,8,0.49,0.86,0.97,0.97,0.97,0.97,0.97,0.97,0.97,0.97
973,973,"(5, 9)","(2, 5)",5,9,2,5,0.5,0.6,0.48,0.34,0.33,0.34,0.32,0.27,0.26,0.27
974,974,"(0, 4)","(0, 5)",0,4,0,5,0.45,0.85,0.13,0.98,0.0,1.0,0.0,1.0,0.0,1.0
975,975,"(2, 3)","(2, 9)",2,3,2,9,0.5,0.6,0.61,0.61,0.61,0.61,0.61,0.61,0.61,0.61
976,976,"(8, 9)","(0, 6)",8,9,0,6,0.46,0.43,0.43,0.43,0.43,0.43,0.43,0.43,0.43,0.43
977,977,"(0, 9)","(1, 3)",0,9,1,3,0.49,0.66,0.38,0.74,0.26,0.83,0.17,0.89,0.11,0.96
978,978,"(1, 5)","(0, 2)",1,5,0,2,0.47,0.55,0.43,0.48,0.5,0.44,0.45,0.48,0.49,0.5
979,979,"(5, 6)","(1, 9)",5,6,1,9,0.48,0.6,0.72,0.83,0.89,0.93,0.97,0.97,0.97,0.97
980,980,"(2, 6)","(6, 7)",2,6,6,7,0.47,0.54,0.46,0.53,0.44,0.53,0.44,0.53,0.44,0.53
981,981,"(0, 5)","(4, 7)",0,5,4,7,0.5,0.82,0.73,0.76,0.76,0.76,0.77,0.77,0.77,0.77
982,982,"(4, 6)","(6, 8)",4,6,6,8,0.54,0.48,0.4,0.34,0.24,0.16,0.09,0.04,0.01,0.0
983,983,"(0, 6)","(0, 2)",0,6,0,2,0.51,0.56,0.45,0.58,0.42,0.58,0.42,0.58,0.42,0.58
984,984,"(0, 8)","(0, 4)",0,8,0,4,0.48,0.82,0.2,0.95,0.05,1.0,0.0,1.0,0.0,1.0
985,985,"(0, 1)","(5, 8)",0,1,5,8,0.47,0.18,0.61,0.55,0.59,0.47,0.48,0.47,0.42,0.42
986,986,"(2, 8)","(0, 5)",2,8,0,5,0.52,0.9,0.15,0.3,0.41,0.72,0.32,0.68,0.48,0.53
987,987,"(0, 8)","(5, 6)",0,8,5,6,0.43,0.67,0.71,0.7,0.59,0.69,0.6,0.78,0.63,0.72
988,988,"(4, 9)","(2, 4)",4,9,2,4,0.5,0.69,0.32,0.31,0.39,0.39,0.35,0.24,0.25,0.22
989,989,"(0, 4)","(1, 8)",0,4,1,8,0.51,0.78,0.78,0.78,0.78,0.78,0.78,0.78,0.78,0.78
990,990,"(4, 7)","(0, 1)",4,7,0,1,0.47,0.35,0.33,0.3,0.29,0.19,0.15,0.09,0.11,0.06
991,991,"(5, 9)","(1, 8)",5,9,1,8,0.51,0.69,0.75,0.81,0.87,0.91,0.94,0.97,1.0,1.0
992,992,"(1, 6)","(0, 0)",1,6,0,0,0.64,0.29,0.66,0.3,0.61,0.38,0.62,0.37,0.62,0.36
993,993,"(0, 2)","(2, 7)",0,2,2,7,0.42,0.54,0.54,0.54,0.54,0.54,0.54,0.54,0.54,0.54
994,994,"(5, 7)","(0, 4)",5,7,0,4,0.45,0.57,0.32,0.35,0.29,0.28,0.25,0.25,0.25,0.25
995,995,"(7, 9)","(1, 8)",7,9,1,8,0.52,0.55,0.55,0.55,0.55,0.55,0.55,0.55,0.55,0.55
996,996,"(2, 3)","(2, 5)",2,3,2,5,0.55,0.5,0.56,0.52,0.59,0.53,0.51,0.53,0.54,0.55
997,997,"(1, 7)","(3, 5)",1,7,3,5,0.5,0.9,0.08,0.32,0.52,0.67,0.61,0.56,0.51,0.8
998,998,"(5, 9)","(3, 6)",5,9,3,6,0.46,0.53,0.35,0.35,0.26,0.3,0.27,0.24,0.27,0.18
999,999,"(6, 7)","(5, 6)",6,7,5,6,0.44,0.14,0.05,0.0,0.0,0.0,0.0,0.0,0.0,0.0
